league,season,team,players_used,90s,Att,Pass Types_Live,Pass Types_Dead,Pass Types_FK,Pass Types_TB,Pass Types_Sw,Pass Types_Crs,Pass Types_TI,Pass Types_CK,Corner Kicks_In,Corner Kicks_Out,Corner Kicks_Str,Outcomes_Cmp,Outcomes_Off,Outcomes_Blocks,url,nextSeason
ENG-Premier League,2017,Arsenal,30,38.0,25193,23347,1757,432,117,151,572,758,225,132,49,4,20878,89,413,/en/squads/18bb7c10/2017-2018/Arsenal-Stats,2018
ENG-Premier League,2017,Bournemouth,22,38.0,17962,15874,2036,534,37,112,707,857,218,104,65,1,13450,52,412,/en/squads/4ba7cbea/2017-2018/Bournemouth-Stats,2018
ENG-Premier League,2017,Brighton,24,38.0,16372,14549,1725,322,32,203,680,797,163,89,59,5,11838,98,355,/en/squads/d07537b9/2017-2018/Brighton-and-Hove-Albion-Stats,2018
ENG-Premier League,2017,Burnley,24,38.0,15340,13382,1858,463,19,107,707,822,167,69,66,14,10524,100,313,/en/squads/943e8050/2017-2018/Burnley-Stats,2018
ENG-Premier League,2017,Chelsea,26,38.0,23101,21232,1761,445,69,203,755,748,230,54,76,7,18967,108,405,/en/squads/cff3d9bb/2017-2018/Chelsea-Stats,2018
ENG-Premier League,2017,Crystal Palace,28,38.0,16114,14109,1949,456,30,83,703,874,210,85,37,68,11809,56,361,/en/squads/47c64c55/2017-2018/Crystal-Palace-Stats,2018
ENG-Premier League,2017,Everton,30,38.0,16472,14537,1853,417,25,114,629,850,150,70,62,7,11953,82,397,/en/squads/d3fd31cc/2017-2018/Everton-Stats,2018
ENG-Premier League,2017,Huddersfield,25,38.0,16822,14785,1970,478,26,82,765,927,165,101,32,6,12036,67,415,/en/squads/f5922ca5/2017-2018/Huddersfield-Town-Stats,2018
ENG-Premier League,2017,Leicester City,27,38.0,17124,15046,1986,424,63,170,744,954,203,137,28,0,12357,92,370,/en/squads/a2d435b3/2017-2018/Leicester-City-Stats,2018
ENG-Premier League,2017,Liverpool,27,38.0,24900,23034,1796,391,106,146,764,896,230,122,69,1,20367,70,382,/en/squads/822bd0ba/2017-2018/Liverpool-Stats,2018
ENG-Premier League,2017,Manchester City,25,38.0,29961,28178,1716,418,118,213,691,779,284,17,141,2,26164,67,404,/en/squads/b8fd03ef/2017-2018/Manchester-City-Stats,2018
ENG-Premier League,2017,Manchester Utd,27,38.0,21865,19929,1848,456,85,176,753,809,220,111,65,1,17765,88,398,/en/squads/19538871/2017-2018/Manchester-United-Stats,2018
ENG-Premier League,2017,Newcastle Utd,27,38.0,15659,13725,1871,444,67,114,616,837,167,75,58,8,11071,63,355,/en/squads/b2b47a98/2017-2018/Newcastle-United-Stats,2018
ENG-Premier League,2017,Southampton,26,38.0,19027,17044,1910,423,56,169,800,862,227,130,65,7,14336,73,423,/en/squads/33c895d4/2017-2018/Southampton-Stats,2018
ENG-Premier League,2017,Stoke City,30,38.0,14569,12544,1938,460,33,111,598,875,136,73,46,11,10122,87,320,/en/squads/17892952/2017-2018/Stoke-City-Stats,2018
ENG-Premier League,2017,Swansea City,26,38.0,17437,15500,1899,472,23,141,694,825,150,99,36,2,13223,38,347,/en/squads/fb10988f/2017-2018/Swansea-City-Stats,2018
ENG-Premier League,2017,Tottenham,25,38.0,23695,21612,1995,483,83,196,825,948,246,95,89,7,19284,88,437,/en/squads/361ca564/2017-2018/Tottenham-Hotspur-Stats,2018
ENG-Premier League,2017,Watford,29,38.0,17513,15484,1955,484,27,138,713,926,183,92,62,2,12758,74,438,/en/squads/2abfe087/2017-2018/Watford-Stats,2018
ENG-Premier League,2017,West Brom,24,38.0,15004,13059,1866,394,34,96,784,855,176,122,32,11,10495,79,348,/en/squads/60c6b05f/2017-2018/West-Bromwich-Albion-Stats,2018
ENG-Premier League,2017,West Ham,27,38.0,16197,14112,1988,482,51,134,733,900,161,98,37,5,11779,97,396,/en/squads/7c21e445/2017-2018/West-Ham-United-Stats,2018
ENG-Premier League,2018,Arsenal,28,38.0,22549,20518,1942,543,65,152,605,823,209,59,65,2,18425,89,453,/en/squads/18bb7c10/2018-2019/Arsenal-Stats,2019
ENG-Premier League,2018,Bournemouth,28,38.0,17650,15632,1961,512,57,84,613,832,191,74,58,2,13505,57,435,/en/squads/4ba7cbea/2018-2019/Bournemouth-Stats,2019
ENG-Premier League,2018,Brighton,21,38.0,15824,13912,1822,330,15,188,636,880,156,90,44,4,11491,90,342,/en/squads/d07537b9/2018-2019/Brighton-and-Hove-Albion-Stats,2019
ENG-Premier League,2018,Burnley,23,38.0,14793,12804,1883,395,35,108,692,891,139,98,22,9,10134,106,327,/en/squads/943e8050/2018-2019/Burnley-Stats,2019
ENG-Premier League,2018,Cardiff City,25,38.0,11715,9823,1815,423,39,60,562,799,168,102,35,19,7170,77,313,/en/squads/75fae011/2018-2019/Cardiff-City-Stats,2019
ENG-Premier League,2018,Chelsea,24,38.0,26774,24894,1797,471,146,216,692,762,215,74,86,19,22960,83,434,/en/squads/cff3d9bb/2018-2019/Chelsea-Stats,2019
ENG-Premier League,2018,Crystal Palace,26,38.0,16870,14898,1894,435,26,101,577,816,205,89,30,62,12697,78,367,/en/squads/47c64c55/2018-2019/Crystal-Palace-Stats,2019
ENG-Premier League,2018,Everton,23,38.0,18477,16376,2032,495,44,140,814,947,215,79,114,4,13878,69,416,/en/squads/d3fd31cc/2018-2019/Everton-Stats,2019
ENG-Premier League,2018,Fulham,28,38.0,19303,17396,1817,412,33,145,611,769,161,57,62,7,15096,90,339,/en/squads/fd962109/2018-2019/Fulham-Stats,2019
ENG-Premier League,2018,Huddersfield,31,38.0,17777,15783,1931,444,22,130,768,930,162,80,55,11,13045,63,418,/en/squads/f5922ca5/2018-2019/Huddersfield-Town-Stats,2019
ENG-Premier League,2018,Leicester City,25,38.0,19068,17065,1931,453,88,186,779,872,210,82,86,14,14640,72,395,/en/squads/a2d435b3/2018-2019/Leicester-City-Stats,2019
ENG-Premier League,2018,Liverpool,23,38.0,25571,23583,1911,463,98,185,721,923,249,82,102,5,21146,77,394,/en/squads/822bd0ba/2018-2019/Liverpool-Stats,2019
ENG-Premier League,2018,Manchester City,21,38.0,28389,26660,1631,344,112,226,783,739,298,85,121,1,24678,98,384,/en/squads/b8fd03ef/2018-2019/Manchester-City-Stats,2019
ENG-Premier League,2018,Manchester Utd,28,38.0,20942,18934,1918,435,63,207,638,859,200,78,70,20,16834,90,373,/en/squads/19538871/2018-2019/Manchester-United-Stats,2019
ENG-Premier League,2018,Newcastle Utd,24,38.0,15231,13359,1813,389,50,217,711,835,181,73,71,11,10774,59,353,/en/squads/b2b47a98/2018-2019/Newcastle-United-Stats,2019
ENG-Premier League,2018,Southampton,30,38.0,15930,14072,1797,409,35,139,666,805,193,97,63,22,11463,61,349,/en/squads/33c895d4/2018-2019/Southampton-Stats,2019
ENG-Premier League,2018,Tottenham,28,38.0,23056,21115,1867,457,87,136,643,851,194,54,81,5,18808,74,445,/en/squads/361ca564/2018-2019/Tottenham-Hotspur-Stats,2019
ENG-Premier League,2018,Watford,25,38.0,16974,15065,1820,483,32,117,570,755,177,84,55,0,12550,89,348,/en/squads/2abfe087/2018-2019/Watford-Stats,2019
ENG-Premier League,2018,West Ham,26,38.0,18038,16053,1914,501,75,161,631,824,188,86,82,4,13847,71,416,/en/squads/7c21e445/2018-2019/West-Ham-United-Stats,2019
ENG-Premier League,2018,Wolves,21,38.0,18261,16415,1773,361,51,194,622,843,195,63,87,3,13961,73,394,/en/squads/8cec06e1/2018-2019/Wolverhampton-Wanderers-Stats,2019
ENG-Premier League,2019,Arsenal,29,38.0,20410,18463,1874,487,67,153,699,756,231,96,71,3,16634,73,320,/en/squads/18bb7c10/2019-2020/Arsenal-Stats,2020
ENG-Premier League,2019,Aston Villa,28,38.0,15672,13604,2006,562,17,153,798,797,200,109,34,8,11652,62,307,/en/squads/8602292d/2019-2020/Aston-Villa-Stats,2020
ENG-Premier League,2019,Bournemouth,27,38.0,16387,14488,1832,450,28,92,646,790,194,104,57,0,12042,67,390,/en/squads/4ba7cbea/2019-2020/Bournemouth-Stats,2020
ENG-Premier League,2019,Brighton,25,38.0,20056,18194,1791,394,34,200,689,853,178,78,78,0,15881,71,365,/en/squads/d07537b9/2019-2020/Brighton-and-Hove-Albion-Stats,2020
ENG-Premier League,2019,Burnley,22,38.0,14694,12767,1838,408,29,99,743,868,170,158,1,0,10049,89,287,/en/squads/943e8050/2019-2020/Burnley-Stats,2020
ENG-Premier League,2019,Chelsea,27,38.0,25213,23308,1842,401,61,215,862,876,247,106,82,2,20958,63,361,/en/squads/cff3d9bb/2019-2020/Chelsea-Stats,2020
ENG-Premier League,2019,Crystal Palace,25,38.0,16395,14377,1965,501,19,79,588,886,177,93,32,36,12274,53,318,/en/squads/47c64c55/2019-2020/Crystal-Palace-Stats,2020
ENG-Premier League,2019,Everton,24,38.0,17736,15790,1888,463,55,165,804,853,203,105,80,2,13433,58,362,/en/squads/d3fd31cc/2019-2020/Everton-Stats,2020
ENG-Premier League,2019,Leicester City,24,38.0,21800,19817,1919,495,68,126,779,883,221,70,100,7,17600,64,368,/en/squads/a2d435b3/2019-2020/Leicester-City-Stats,2020
ENG-Premier League,2019,Liverpool,24,38.0,25891,23952,1886,440,68,283,896,879,257,63,125,2,21276,53,343,/en/squads/822bd0ba/2019-2020/Liverpool-Stats,2020
ENG-Premier League,2019,Manchester City,24,38.0,28190,26549,1573,352,85,243,915,684,298,113,54,7,24557,68,329,/en/squads/b8fd03ef/2019-2020/Manchester-City-Stats,2020
ENG-Premier League,2019,Manchester Utd,29,38.0,21725,19836,1833,466,64,171,635,822,204,86,63,11,17744,56,381,/en/squads/19538871/2019-2020/Manchester-United-Stats,2020
ENG-Premier League,2019,Newcastle Utd,28,38.0,14566,12726,1765,463,18,151,591,715,151,68,45,13,10606,75,304,/en/squads/b2b47a98/2019-2020/Newcastle-United-Stats,2020
ENG-Premier League,2019,Norwich City,30,38.0,18869,16961,1858,461,47,124,473,773,162,75,77,2,14965,50,373,/en/squads/1c781004/2019-2020/Norwich-City-Stats,2020
ENG-Premier League,2019,Sheffield Utd,26,38.0,16858,14962,1818,375,15,206,866,882,212,150,18,18,12125,78,341,/en/squads/1df6b87e/2019-2020/Sheffield-United-Stats,2020
ENG-Premier League,2019,Southampton,25,38.0,17468,15450,1960,448,27,133,690,950,210,106,87,5,12488,58,331,/en/squads/33c895d4/2019-2020/Southampton-Stats,2020
ENG-Premier League,2019,Tottenham,29,38.0,20296,18404,1826,464,79,113,641,785,200,116,51,1,16101,66,344,/en/squads/361ca564/2019-2020/Tottenham-Hotspur-Stats,2020
ENG-Premier League,2019,Watford,26,38.0,15775,13907,1800,398,11,134,684,838,167,92,49,2,11230,68,285,/en/squads/2abfe087/2019-2020/Watford-Stats,2020
ENG-Premier League,2019,West Ham,29,38.0,16861,14967,1828,432,38,156,737,815,190,111,54,6,12451,66,358,/en/squads/7c21e445/2019-2020/West-Ham-United-Stats,2020
ENG-Premier League,2019,Wolves,21,38.0,18474,16650,1775,405,40,203,718,816,193,55,80,0,14298,49,323,/en/squads/8cec06e1/2019-2020/Wolverhampton-Wanderers-Stats,2020
ENG-Premier League,2020,Arsenal,29,38.0,21807,20122,1624,440,34,133,751,663,207,86,64,12,18041,61,311,/en/squads/18bb7c10/2020-2021/Arsenal-Stats,2021
ENG-Premier League,2020,Aston Villa,24,38.0,16996,15003,1922,590,12,127,779,780,213,106,39,15,12938,71,275,/en/squads/8602292d/2020-2021/Aston-Villa-Stats,2021
ENG-Premier League,2020,Brighton,27,38.0,19871,18111,1708,404,17,164,686,769,219,71,107,2,15772,52,313,/en/squads/d07537b9/2020-2021/Brighton-and-Hove-Albion-Stats,2021
ENG-Premier League,2020,Burnley,25,38.0,15562,13737,1745,461,10,110,772,721,172,154,5,1,10825,80,263,/en/squads/943e8050/2020-2021/Burnley-Stats,2021
ENG-Premier League,2020,Chelsea,27,38.0,25799,24055,1665,402,29,154,749,732,226,77,113,2,21969,79,362,/en/squads/cff3d9bb/2020-2021/Chelsea-Stats,2021
ENG-Premier League,2020,Crystal Palace,24,38.0,15597,13707,1823,473,8,47,533,772,151,67,29,27,11627,67,351,/en/squads/47c64c55/2020-2021/Crystal-Palace-Stats,2021
ENG-Premier League,2020,Everton,29,38.0,18696,17021,1610,426,28,121,662,660,167,93,53,3,14792,65,362,/en/squads/d3fd31cc/2020-2021/Everton-Stats,2021
ENG-Premier League,2020,Fulham,28,38.0,19512,17703,1766,469,17,109,710,784,164,54,73,15,15401,43,346,/en/squads/fd962109/2020-2021/Fulham-Stats,2021
ENG-Premier League,2020,Leeds United,23,38.0,20629,18658,1895,467,27,205,786,809,229,115,78,1,16284,76,364,/en/squads/5bfb9659/2020-2021/Leeds-United-Stats,2021
ENG-Premier League,2020,Leicester City,27,38.0,21216,19423,1722,474,35,92,649,738,212,61,85,5,17014,71,376,/en/squads/a2d435b3/2020-2021/Leicester-City-Stats,2021
ENG-Premier League,2020,Liverpool,28,38.0,26226,24396,1765,409,44,156,862,811,257,51,147,2,21929,65,357,/en/squads/822bd0ba/2020-2021/Liverpool-Stats,2021
ENG-Premier League,2020,Manchester City,24,38.0,27167,25546,1564,423,38,146,632,656,247,73,86,4,23819,57,320,/en/squads/b8fd03ef/2020-2021/Manchester-City-Stats,2021
ENG-Premier League,2020,Manchester Utd,29,38.0,22626,20812,1738,433,34,211,640,760,197,83,87,4,18802,76,401,/en/squads/19538871/2020-2021/Manchester-United-Stats,2021
ENG-Premier League,2020,Newcastle Utd,27,38.0,14709,12864,1787,464,12,122,652,724,161,67,51,20,10839,58,321,/en/squads/b2b47a98/2020-2021/Newcastle-United-Stats,2021
ENG-Premier League,2020,Sheffield Utd,27,38.0,16264,14542,1649,347,13,115,666,750,170,118,29,4,12146,73,308,/en/squads/1df6b87e/2020-2021/Sheffield-United-Stats,2021
ENG-Premier League,2020,Southampton,29,38.0,19288,17388,1824,496,16,87,554,809,177,82,79,8,14928,76,343,/en/squads/33c895d4/2020-2021/Southampton-Stats,2021
ENG-Premier League,2020,Tottenham,24,38.0,20571,18738,1788,524,28,147,526,750,168,117,37,0,16508,45,361,/en/squads/361ca564/2020-2021/Tottenham-Hotspur-Stats,2021
ENG-Premier League,2020,West Brom,30,38.0,13978,12147,1756,463,13,105,604,727,144,75,21,16,9769,75,275,/en/squads/60c6b05f/2020-2021/West-Bromwich-Albion-Stats,2021
ENG-Premier League,2020,West Ham,24,38.0,16901,15140,1687,398,15,109,775,741,167,92,60,1,12725,74,357,/en/squads/7c21e445/2020-2021/West-Ham-United-Stats,2021
ENG-Premier League,2020,Wolves,27,38.0,19225,17437,1751,444,20,141,775,735,208,65,70,3,15548,37,336,/en/squads/8cec06e1/2020-2021/Wolverhampton-Wanderers-Stats,2021
ENG-Premier League,2021,Arsenal,27,38.0,19843,18149,1628,404,77,132,633,679,208,153,23,5,16176,66,309,/en/squads/18bb7c10/2021-2022/Arsenal-Stats,2022
ENG-Premier League,2021,Aston Villa,31,38.0,16499,14615,1832,525,71,97,670,716,196,111,42,11,12748,52,278,/en/squads/8602292d/2021-2022/Aston-Villa-Stats,2022
ENG-Premier League,2021,Brentford,29,38.0,16272,14443,1763,432,50,70,640,778,159,84,47,9,11676,66,333,/en/squads/cd051869/2021-2022/Brentford-Stats,2022
ENG-Premier League,2021,Brighton,26,38.0,20588,18838,1697,390,58,152,728,784,200,84,96,0,16410,53,397,/en/squads/d07537b9/2021-2022/Brighton-and-Hove-Albion-Stats,2022
ENG-Premier League,2021,Burnley,23,38.0,14107,12275,1731,370,32,135,747,783,183,152,14,1,9454,101,334,/en/squads/943e8050/2021-2022/Burnley-Stats,2022
ENG-Premier League,2021,Chelsea,26,38.0,24888,23158,1661,434,77,101,745,713,241,113,100,0,21190,69,364,/en/squads/cff3d9bb/2021-2022/Chelsea-Stats,2022
ENG-Premier League,2021,Crystal Palace,24,38.0,19081,17115,1903,528,40,120,643,844,175,88,44,8,14983,63,316,/en/squads/47c64c55/2021-2022/Crystal-Palace-Stats,2022
ENG-Premier League,2021,Everton,33,38.0,14557,12746,1758,413,30,70,653,783,161,83,60,0,10366,53,345,/en/squads/d3fd31cc/2021-2022/Everton-Stats,2022
ENG-Premier League,2021,Leeds United,29,38.0,18288,16432,1793,417,66,140,648,798,170,100,38,3,13989,63,368,/en/squads/5bfb9659/2021-2022/Leeds-United-Stats,2022
ENG-Premier League,2021,Leicester City,28,38.0,20137,18268,1809,457,65,105,556,769,185,113,42,2,16129,60,379,/en/squads/a2d435b3/2021-2022/Leicester-City-Stats,2022
ENG-Premier League,2021,Liverpool,27,38.0,25552,23742,1747,436,112,167,897,780,282,47,207,0,21163,63,374,/en/squads/822bd0ba/2021-2022/Liverpool-Stats,2022
ENG-Premier League,2021,Manchester City,26,38.0,27902,26239,1597,406,102,192,869,664,316,154,50,4,24406,66,355,/en/squads/b8fd03ef/2021-2022/Manchester-City-Stats,2022
ENG-Premier League,2021,Manchester Utd,29,38.0,20641,18862,1691,376,80,187,659,725,197,74,88,0,16690,88,369,/en/squads/19538871/2021-2022/Manchester-United-Stats,2022
ENG-Premier League,2021,Newcastle Utd,29,38.0,14036,12203,1762,415,31,114,592,743,160,90,46,14,10201,71,281,/en/squads/b2b47a98/2021-2022/Newcastle-United-Stats,2022
ENG-Premier League,2021,Norwich City,28,38.0,16070,14176,1839,474,50,153,568,766,165,90,60,2,12164,55,306,/en/squads/1c781004/2021-2022/Norwich-City-Stats,2022
ENG-Premier League,2021,Southampton,25,38.0,16941,15115,1784,411,43,81,711,750,233,106,105,4,12505,42,343,/en/squads/33c895d4/2021-2022/Southampton-Stats,2022
ENG-Premier League,2021,Tottenham,25,38.0,20696,18976,1658,430,88,133,632,676,193,78,62,0,17204,62,332,/en/squads/361ca564/2021-2022/Tottenham-Hotspur-Stats,2022
ENG-Premier League,2021,Watford,30,38.0,14640,12800,1787,394,35,101,610,808,161,90,50,4,10423,53,317,/en/squads/2abfe087/2021-2022/Watford-Stats,2022
ENG-Premier League,2021,West Ham,25,38.0,18378,16647,1672,309,29,146,802,770,200,135,43,1,14326,59,353,/en/squads/7c21e445/2021-2022/West-Ham-United-Stats,2022
ENG-Premier League,2021,Wolves,26,38.0,19103,17380,1662,420,58,151,587,718,168,41,86,6,15253,61,329,/en/squads/8cec06e1/2021-2022/Wolverhampton-Wanderers-Stats,2022
ENG-Premier League,2022,Arsenal,26,38.0,21969,20293,1620,516,86,97,674,615,223,154,8,3,18281,56,379,/en/squads/18bb7c10/Arsenal-Stats,2023
ENG-Premier League,2022,Aston Villa,26,38.0,17396,15544,1794,599,54,101,561,684,162,97,19,4,13782,58,325,/en/squads/8602292d/Aston-Villa-Stats,2023
ENG-Premier League,2022,Bournemouth,31,38.0,15381,13607,1736,424,48,87,509,706,144,88,25,9,11715,38,342,/en/squads/4ba7cbea/Bournemouth-Stats,2023
ENG-Premier League,2022,Brentford,25,38.0,15551,13766,1713,453,53,107,661,738,163,83,34,12,11317,72,303,/en/squads/cd051869/Brentford-Stats,2023
ENG-Premier League,2022,Brighton,29,38.0,22888,21109,1709,445,81,130,694,693,233,102,88,2,19210,70,383,/en/squads/d07537b9/Brighton-and-Hove-Albion-Stats,2023
ENG-Premier League,2022,Chelsea,32,38.0,22836,20995,1767,503,58,129,693,722,209,108,70,2,19147,74,371,/en/squads/cff3d9bb/Chelsea-Stats,2023
ENG-Premier League,2022,Crystal Palace,26,38.0,17308,15416,1834,525,41,118,591,763,186,84,60,5,13395,58,350,/en/squads/47c64c55/Crystal-Palace-Stats,2023
ENG-Premier League,2022,Everton,28,38.0,15783,13984,1735,434,39,93,704,707,174,138,28,0,11790,64,311,/en/squads/d3fd31cc/Everton-Stats,2023
ENG-Premier League,2022,Fulham,29,38.0,18014,16136,1818,471,20,157,769,795,182,70,69,2,13974,60,393,/en/squads/fd962109/Fulham-Stats,2023
ENG-Premier League,2022,Leeds United,29,38.0,16924,14953,1911,484,41,87,653,837,199,93,68,4,12437,60,414,/en/squads/5bfb9659/Leeds-United-Stats,2023
ENG-Premier League,2022,Leicester City,28,38.0,18871,17049,1739,464,76,93,496,724,135,70,41,6,14887,83,393,/en/squads/a2d435b3/Leicester-City-Stats,2023
ENG-Premier League,2022,Liverpool,28,38.0,24361,22466,1811,416,103,198,799,860,235,56,155,1,20043,84,383,/en/squads/822bd0ba/Liverpool-Stats,2023
ENG-Premier League,2022,Manchester City,24,38.0,26642,25047,1544,440,94,177,742,614,238,72,87,11,23263,51,350,/en/squads/b8fd03ef/Manchester-City-Stats,2023
ENG-Premier League,2022,Manchester Utd,26,38.0,20524,18827,1618,325,105,165,516,715,195,71,47,3,16603,79,420,/en/squads/19538871/Manchester-United-Stats,2023
ENG-Premier League,2022,Newcastle Utd,27,38.0,17837,16020,1746,447,88,142,740,728,270,106,90,15,13925,71,370,/en/squads/b2b47a98/Newcastle-United-Stats,2023
ENG-Premier League,2022,Nott'ham Forest,33,38.0,13606,11801,1738,446,31,66,530,720,128,65,53,1,9543,67,313,/en/squads/e4a775cb/Nottingham-Forest-Stats,2023
ENG-Premier League,2022,Southampton,36,38.0,16391,14585,1749,426,38,87,613,752,157,63,65,2,12319,57,375,/en/squads/33c895d4/Southampton-Stats,2023
ENG-Premier League,2022,Tottenham,29,38.0,19672,17950,1655,404,74,165,719,664,203,113,51,0,15972,67,414,/en/squads/361ca564/Tottenham-Hotspur-Stats,2023
ENG-Premier League,2022,West Ham,25,38.0,16358,14625,1671,347,41,162,769,722,207,130,57,1,12369,62,390,/en/squads/7c21e445/West-Ham-United-Stats,2023
ENG-Premier League,2022,Wolves,32,38.0,18294,16575,1657,430,49,149,661,663,185,61,86,2,14554,62,355,/en/squads/8cec06e1/Wolverhampton-Wanderers-Stats,2023
ESP-La Liga,2017,Alavés,30,38.0,13876,11799,1969,566,37,133,558,817,138,61,55,6,9696,108,301,/en/squads/8d6fd021/2017-2018/Alaves-Stats,2018
ESP-La Liga,2017,Athletic Club,26,38.0,17614,15565,1945,576,43,178,816,822,189,84,94,2,13195,104,384,/en/squads/2b390eca/2017-2018/Athletic-Club-Stats,2018
ESP-La Liga,2017,Atlético Madrid,26,38.0,18580,16668,1805,504,62,134,524,785,167,43,88,4,14484,107,366,/en/squads/db3b9613/2017-2018/Atletico-Madrid-Stats,2018
ESP-La Liga,2017,Barcelona,25,38.0,25740,23730,1876,573,113,227,409,750,215,81,66,1,22147,134,384,/en/squads/206d90db/2017-2018/Barcelona-Stats,2018
ESP-La Liga,2017,Betis,29,38.0,21622,19743,1817,612,53,232,534,656,139,61,33,5,17953,62,304,/en/squads/fc536746/2017-2018/Real-Betis-Stats,2018
ESP-La Liga,2017,Celta Vigo,23,38.0,21071,19136,1843,596,45,215,583,718,153,48,34,1,16981,92,323,/en/squads/f25da7fb/2017-2018/Celta-Vigo-Stats,2018
ESP-La Liga,2017,Eibar,27,38.0,17961,15706,2171,590,17,323,1055,1025,229,60,149,2,12725,84,396,/en/squads/bea5c710/2017-2018/Eibar-Stats,2018
ESP-La Liga,2017,Espanyol,25,38.0,17192,15114,2002,602,34,179,720,832,160,64,87,0,12753,76,378,/en/squads/a8661628/2017-2018/Espanyol-Stats,2018
ESP-La Liga,2017,Getafe,32,38.0,13193,10994,2091,590,53,243,585,917,181,42,73,2,8531,108,340,/en/squads/7848bd64/2017-2018/Getafe-Stats,2018
ESP-La Liga,2017,Girona,25,38.0,16037,14020,1937,603,31,339,828,767,176,36,66,20,11843,80,298,/en/squads/9024a00a/2017-2018/Girona-Stats,2018
ESP-La Liga,2017,La Coruña,32,38.0,16975,14924,1957,516,43,222,747,796,203,91,54,1,12784,94,323,/en/squads/2a60ed82/2017-2018/Deportivo-La-Coruna-Stats,2018
ESP-La Liga,2017,Las Palmas,36,38.0,19788,17574,2133,748,49,197,581,777,175,77,59,0,15824,81,320,/en/squads/0049d422/2017-2018/Las-Palmas-Stats,2018
ESP-La Liga,2017,Leganés,28,38.0,14887,12781,2009,592,29,162,690,891,152,60,75,1,10383,97,351,/en/squads/7c6f2c78/2017-2018/Leganes-Stats,2018
ESP-La Liga,2017,Levante,33,38.0,14768,12732,1966,540,44,161,726,818,182,61,79,9,10715,70,360,/en/squads/9800b6a1/2017-2018/Levante-Stats,2018
ESP-La Liga,2017,Málaga,37,38.0,15769,13674,2006,580,32,179,742,861,153,63,67,2,11424,89,347,/en/squads/1c896955/2017-2018/Malaga-Stats,2018
ESP-La Liga,2017,Real Madrid,24,38.0,24496,22486,1895,563,77,395,904,729,279,62,110,2,20954,115,387,/en/squads/53a2f082/2017-2018/Real-Madrid-Stats,2018
ESP-La Liga,2017,Real Sociedad,27,38.0,20838,18744,2003,604,45,216,782,823,233,100,93,0,16973,91,385,/en/squads/e31d1cd9/2017-2018/Real-Sociedad-Stats,2018
ESP-La Liga,2017,Sevilla,31,38.0,20571,18451,1983,568,62,147,657,809,221,97,80,1,16366,137,401,/en/squads/ad2be733/2017-2018/Sevilla-Stats,2018
ESP-La Liga,2017,Valencia,25,38.0,18004,16054,1867,596,49,193,605,682,202,60,88,6,14289,83,311,/en/squads/dcc91a7b/2017-2018/Valencia-Stats,2018
ESP-La Liga,2017,Villarreal,32,38.0,18797,16834,1852,552,57,183,517,707,179,66,38,5,14995,111,319,/en/squads/2a8183b3/2017-2018/Villarreal-Stats,2018
ESP-La Liga,2018,Alavés,26,38.0,14061,12027,1976,589,21,121,729,818,145,59,54,2,9631,58,342,/en/squads/8d6fd021/2018-2019/Alaves-Stats,2019
ESP-La Liga,2018,Athletic Club,27,38.0,17584,15587,1923,577,49,185,728,847,153,56,72,3,13195,74,369,/en/squads/2b390eca/2018-2019/Athletic-Club-Stats,2019
ESP-La Liga,2018,Atlético Madrid,29,38.0,19014,17148,1786,470,77,144,590,730,217,83,96,0,14943,80,354,/en/squads/db3b9613/2018-2019/Atletico-Madrid-Stats,2019
ESP-La Liga,2018,Barcelona,30,38.0,26691,24835,1754,575,148,219,394,676,205,68,33,2,23263,102,354,/en/squads/206d90db/2018-2019/Barcelona-Stats,2019
ESP-La Liga,2018,Betis,25,38.0,22871,20943,1849,640,50,234,590,658,186,58,57,17,19411,79,361,/en/squads/fc536746/2018-2019/Real-Betis-Stats,2019
ESP-La Liga,2018,Celta Vigo,28,38.0,18808,16862,1856,548,35,191,659,697,163,70,58,3,14955,90,314,/en/squads/f25da7fb/2018-2019/Celta-Vigo-Stats,2019
ESP-La Liga,2018,Eibar,25,38.0,18501,16274,2135,547,20,287,1057,1042,223,36,152,4,12976,92,463,/en/squads/bea5c710/2018-2019/Eibar-Stats,2019
ESP-La Liga,2018,Espanyol,25,38.0,17740,15748,1908,579,70,174,544,734,175,45,59,14,13855,84,381,/en/squads/a8661628/2018-2019/Espanyol-Stats,2019
ESP-La Liga,2018,Getafe,26,38.0,13021,10784,2135,621,39,264,638,1001,158,34,64,8,8108,102,408,/en/squads/7848bd64/2018-2019/Getafe-Stats,2019
ESP-La Liga,2018,Girona,26,38.0,17212,15241,1911,589,39,206,743,767,136,60,59,0,13136,60,314,/en/squads/9024a00a/2018-2019/Girona-Stats,2019
ESP-La Liga,2018,Huesca,30,38.0,14891,12867,1930,538,33,161,771,811,168,86,55,5,10586,94,344,/en/squads/c6c493e6/2018-2019/Huesca-Stats,2019
ESP-La Liga,2018,Leganés,29,38.0,15210,13274,1861,458,19,174,744,876,139,40,81,2,10733,75,307,/en/squads/7c6f2c78/2018-2019/Leganes-Stats,2019
ESP-La Liga,2018,Levante,26,38.0,14765,12715,1965,537,36,183,674,730,201,117,53,4,10824,85,368,/en/squads/9800b6a1/2018-2019/Levante-Stats,2019
ESP-La Liga,2018,Rayo Vallecano,29,38.0,16307,14257,1979,588,39,207,783,794,186,84,73,3,12469,71,362,/en/squads/98e8af82/2018-2019/Rayo-Vallecano-Stats,2019
ESP-La Liga,2018,Real Madrid,27,38.0,24198,22147,1939,625,57,410,762,754,221,49,93,1,20625,112,390,/en/squads/53a2f082/2018-2019/Real-Madrid-Stats,2019
ESP-La Liga,2018,Real Sociedad,30,38.0,18547,16447,2008,604,61,199,627,848,178,78,71,5,14565,92,381,/en/squads/e31d1cd9/2018-2019/Real-Sociedad-Stats,2019
ESP-La Liga,2018,Sevilla,27,38.0,18806,16760,1935,559,50,219,812,775,223,68,77,18,14555,111,427,/en/squads/ad2be733/2018-2019/Sevilla-Stats,2019
ESP-La Liga,2018,Valencia,25,38.0,17639,15690,1874,579,47,218,715,722,196,61,86,14,13679,75,372,/en/squads/dcc91a7b/2018-2019/Valencia-Stats,2019
ESP-La Liga,2018,Valladolid,28,38.0,16279,14209,1974,592,21,204,804,745,201,69,70,6,12015,96,364,/en/squads/17859612/2018-2019/Valladolid-Stats,2019
ESP-La Liga,2018,Villarreal,26,38.0,17648,15718,1835,509,48,183,618,765,168,75,64,4,13758,95,343,/en/squads/2a8183b3/2018-2019/Villarreal-Stats,2019
ESP-La Liga,2019,Alavés,32,38.0,13973,11911,2001,543,17,108,562,881,136,52,53,0,9612,61,278,/en/squads/8d6fd021/2019-2020/Alaves-Stats,2020
ESP-La Liga,2019,Athletic Club,26,38.0,16915,14889,1942,517,14,200,754,874,178,70,65,6,12533,84,306,/en/squads/2b390eca/2019-2020/Athletic-Club-Stats,2020
ESP-La Liga,2019,Atlético Madrid,30,38.0,17765,15735,1914,511,62,123,574,835,183,60,92,0,13595,116,283,/en/squads/db3b9613/2019-2020/Atletico-Madrid-Stats,2020
ESP-La Liga,2019,Barcelona,28,38.0,28227,26418,1726,573,86,183,417,638,185,92,27,2,24758,83,337,/en/squads/206d90db/2019-2020/Barcelona-Stats,2020
ESP-La Liga,2019,Betis,27,38.0,19823,17676,2063,699,30,205,624,799,185,67,41,2,16182,84,337,/en/squads/fc536746/2019-2020/Real-Betis-Stats,2020
ESP-La Liga,2019,Celta Vigo,30,38.0,18557,16543,1944,593,38,138,636,749,176,61,78,2,14552,70,367,/en/squads/f25da7fb/2019-2020/Celta-Vigo-Stats,2020
ESP-La Liga,2019,Eibar,26,38.0,15551,13381,2097,531,11,221,870,1015,189,69,101,1,10439,73,286,/en/squads/bea5c710/2019-2020/Eibar-Stats,2020
ESP-La Liga,2019,Espanyol,31,38.0,16363,14389,1909,543,19,146,710,800,156,59,64,6,11881,65,281,/en/squads/a8661628/2019-2020/Espanyol-Stats,2020
ESP-La Liga,2019,Getafe,30,38.0,13715,11368,2241,630,27,215,833,1094,185,41,69,2,8319,106,377,/en/squads/7848bd64/2019-2020/Getafe-Stats,2020
ESP-La Liga,2019,Granada,27,38.0,14105,12058,1977,582,16,133,670,825,163,64,57,0,9810,70,306,/en/squads/a0435291/2019-2020/Granada-Stats,2020
ESP-La Liga,2019,Leganés,29,38.0,14838,12774,1989,565,20,160,771,886,157,42,83,3,10336,75,296,/en/squads/7c6f2c78/2019-2020/Leganes-Stats,2020
ESP-La Liga,2019,Levante,29,38.0,16332,14321,1930,548,34,227,697,749,189,91,42,6,12415,81,335,/en/squads/9800b6a1/2019-2020/Levante-Stats,2020
ESP-La Liga,2019,Mallorca,32,38.0,15636,13615,1963,577,18,119,682,793,171,64,60,0,11782,58,325,/en/squads/2aa12281/2019-2020/Mallorca-Stats,2020
ESP-La Liga,2019,Osasuna,31,38.0,15904,13788,2036,533,16,192,755,926,180,67,72,1,10959,80,316,/en/squads/03c57e2b/2019-2020/Osasuna-Stats,2020
ESP-La Liga,2019,Real Madrid,26,38.0,23733,21828,1821,534,59,445,776,786,192,51,68,0,20107,84,328,/en/squads/53a2f082/2019-2020/Real-Madrid-Stats,2020
ESP-La Liga,2019,Real Sociedad,27,38.0,20229,18172,1979,598,54,115,719,868,181,99,33,2,15989,78,376,/en/squads/e31d1cd9/2019-2020/Real-Sociedad-Stats,2020
ESP-La Liga,2019,Sevilla,26,38.0,21733,19673,1968,553,30,384,880,837,226,72,79,6,17525,92,350,/en/squads/ad2be733/2019-2020/Sevilla-Stats,2020
ESP-La Liga,2019,Valencia,28,38.0,18258,16284,1874,591,46,238,677,688,169,54,70,8,14490,100,257,/en/squads/dcc91a7b/2019-2020/Valencia-Stats,2020
ESP-La Liga,2019,Valladolid,30,38.0,15457,13389,1987,574,24,214,645,806,161,62,56,0,11187,81,293,/en/squads/17859612/2019-2020/Valladolid-Stats,2020
ESP-La Liga,2019,Villarreal,25,38.0,20045,18098,1876,510,42,267,619,804,148,53,57,0,16218,71,290,/en/squads/2a8183b3/2019-2020/Villarreal-Stats,2020
ESP-La Liga,2020,Alavés,30,38.0,14388,12378,1937,595,11,144,645,800,142,42,68,4,10216,73,265,/en/squads/8d6fd021/2020-2021/Alaves-Stats,2021
ESP-La Liga,2020,Athletic Club,27,38.0,17842,15738,2027,561,13,200,812,920,197,65,73,3,13578,77,377,/en/squads/2b390eca/2020-2021/Athletic-Club-Stats,2021
ESP-La Liga,2020,Atlético Madrid,25,38.0,20680,18818,1766,480,46,171,597,734,196,54,98,0,16757,96,302,/en/squads/db3b9613/2020-2021/Atletico-Madrid-Stats,2021
ESP-La Liga,2020,Barcelona,25,38.0,28488,26712,1686,536,58,108,494,644,217,68,35,0,25192,90,340,/en/squads/206d90db/2020-2021/Barcelona-Stats,2021
ESP-La Liga,2020,Betis,25,38.0,19679,17720,1894,598,18,163,586,774,184,48,82,2,15814,65,321,/en/squads/fc536746/2020-2021/Real-Betis-Stats,2021
ESP-La Liga,2020,Celta Vigo,30,38.0,19318,17402,1851,553,33,145,521,764,125,42,62,2,15176,65,298,/en/squads/f25da7fb/2020-2021/Celta-Vigo-Stats,2021
ESP-La Liga,2020,Cádiz,34,38.0,12067,10091,1920,587,15,134,731,739,149,56,78,1,7949,56,282,/en/squads/ee7c297c/2020-2021/Cadiz-Stats,2021
ESP-La Liga,2020,Eibar,30,38.0,16890,14786,2037,511,5,243,1052,991,197,94,98,0,11810,67,325,/en/squads/bea5c710/2020-2021/Eibar-Stats,2021
ESP-La Liga,2020,Elche,30,38.0,17054,15168,1835,537,8,167,672,715,137,52,60,1,13481,51,322,/en/squads/6c8b07df/2020-2021/Elche-Stats,2021
ESP-La Liga,2020,Getafe,31,38.0,13863,11734,2055,596,7,210,815,973,143,71,36,0,8977,74,322,/en/squads/7848bd64/2020-2021/Getafe-Stats,2021
ESP-La Liga,2020,Granada,34,38.0,13336,11332,1922,506,17,115,613,870,128,57,39,1,9083,82,333,/en/squads/a0435291/2020-2021/Granada-Stats,2021
ESP-La Liga,2020,Huesca,27,38.0,17480,15449,1930,598,9,197,824,788,156,59,58,1,13507,101,321,/en/squads/c6c493e6/2020-2021/Huesca-Stats,2021
ESP-La Liga,2020,Levante,29,38.0,18116,16222,1825,509,23,178,697,767,173,61,41,0,14190,69,370,/en/squads/9800b6a1/2020-2021/Levante-Stats,2021
ESP-La Liga,2020,Osasuna,28,38.0,15031,13118,1846,510,6,194,700,831,117,44,54,1,10233,67,281,/en/squads/03c57e2b/2020-2021/Osasuna-Stats,2021
ESP-La Liga,2020,Real Madrid,30,38.0,24119,22248,1785,501,32,351,771,759,224,70,65,1,20652,86,346,/en/squads/53a2f082/2020-2021/Real-Madrid-Stats,2021
ESP-La Liga,2020,Real Sociedad,30,38.0,18995,17052,1857,545,40,103,712,823,196,87,82,1,14915,86,369,/en/squads/e31d1cd9/2020-2021/Real-Sociedad-Stats,2021
ESP-La Liga,2020,Sevilla,26,38.0,22873,21025,1779,516,27,384,731,797,167,35,65,0,19248,69,301,/en/squads/ad2be733/2020-2021/Sevilla-Stats,2021
ESP-La Liga,2020,Valencia,30,38.0,16480,14548,1842,584,22,218,613,666,163,58,51,2,12755,90,297,/en/squads/dcc91a7b/2020-2021/Valencia-Stats,2021
ESP-La Liga,2020,Valladolid,32,38.0,15385,13372,1938,571,20,193,744,796,145,53,39,1,11145,75,312,/en/squads/17859612/2020-2021/Valladolid-Stats,2021
ESP-La Liga,2020,Villarreal,29,38.0,21129,19245,1796,539,47,178,579,711,160,58,33,1,17508,88,348,/en/squads/2a8183b3/2020-2021/Villarreal-Stats,2021
ESP-La Liga,2021,Alavés,33,38.0,14175,12142,1961,543,27,188,758,825,139,54,63,1,9676,72,310,/en/squads/8d6fd021/2021-2022/Alaves-Stats,2022
ESP-La Liga,2021,Athletic Club,26,38.0,17283,15195,1999,552,42,184,798,880,224,52,102,0,12947,89,332,/en/squads/2b390eca/2021-2022/Athletic-Club-Stats,2022
ESP-La Liga,2021,Atlético Madrid,26,38.0,19098,17082,1931,534,80,228,703,832,201,72,83,0,15076,85,298,/en/squads/db3b9613/2021-2022/Atletico-Madrid-Stats,2022
ESP-La Liga,2021,Barcelona,38,38.0,25006,23093,1814,567,90,193,798,712,219,70,82,0,21489,99,309,/en/squads/206d90db/2021-2022/Barcelona-Stats,2022
ESP-La Liga,2021,Betis,31,38.0,19444,17513,1860,586,66,181,547,749,174,56,78,0,15702,71,310,/en/squads/fc536746/2021-2022/Real-Betis-Stats,2022
ESP-La Liga,2021,Celta Vigo,25,38.0,20591,18578,1930,501,60,169,768,898,167,81,60,1,16007,83,360,/en/squads/f25da7fb/2021-2022/Celta-Vigo-Stats,2022
ESP-La Liga,2021,Cádiz,33,38.0,14415,12460,1886,511,37,183,865,795,181,79,63,1,10136,69,312,/en/squads/ee7c297c/2021-2022/Cadiz-Stats,2022
ESP-La Liga,2021,Elche,28,38.0,16836,14819,1943,591,34,180,720,763,155,63,70,1,12948,74,335,/en/squads/6c8b07df/2021-2022/Elche-Stats,2022
ESP-La Liga,2021,Espanyol,34,38.0,16919,15003,1846,590,29,196,627,659,172,65,67,1,13360,70,287,/en/squads/a8661628/2021-2022/Espanyol-Stats,2022
ESP-La Liga,2021,Getafe,31,38.0,14607,12625,1929,579,17,194,621,842,136,65,58,0,10278,53,299,/en/squads/7848bd64/2021-2022/Getafe-Stats,2022
ESP-La Liga,2021,Granada,32,38.0,14889,12856,1971,544,28,142,691,791,159,70,60,1,10582,62,295,/en/squads/a0435291/2021-2022/Granada-Stats,2022
ESP-La Liga,2021,Levante,31,38.0,16422,14508,1837,477,50,183,624,769,168,58,76,3,12584,77,311,/en/squads/9800b6a1/2021-2022/Levante-Stats,2022
ESP-La Liga,2021,Mallorca,33,38.0,15023,13022,1934,575,44,113,597,788,159,64,34,5,11046,67,311,/en/squads/2aa12281/2021-2022/Mallorca-Stats,2022
ESP-La Liga,2021,Osasuna,29,38.0,16522,14470,1986,473,16,195,864,932,179,61,99,4,11904,66,309,/en/squads/03c57e2b/2021-2022/Osasuna-Stats,2022
ESP-La Liga,2021,Rayo Vallecano,28,38.0,16933,14830,2020,553,38,161,862,906,190,76,76,4,12747,83,321,/en/squads/98e8af82/2021-2022/Rayo-Vallecano-Stats,2022
ESP-La Liga,2021,Real Madrid,31,38.0,24517,22705,1706,491,71,309,611,639,218,81,50,0,21373,106,313,/en/squads/53a2f082/2021-2022/Real-Madrid-Stats,2022
ESP-La Liga,2021,Real Sociedad,32,38.0,19304,17333,1895,537,45,96,638,829,186,79,79,1,15403,76,352,/en/squads/e31d1cd9/2021-2022/Real-Sociedad-Stats,2022
ESP-La Liga,2021,Sevilla,33,38.0,22234,20265,1889,526,37,312,787,844,175,11,124,2,18327,80,305,/en/squads/ad2be733/2021-2022/Sevilla-Stats,2022
ESP-La Liga,2021,Valencia,34,38.0,13777,11686,2039,664,32,227,765,811,175,73,63,3,9627,52,289,/en/squads/dcc91a7b/2021-2022/Valencia-Stats,2022
ESP-La Liga,2021,Villarreal,29,38.0,20401,18435,1875,582,90,166,574,737,200,92,44,2,16679,91,396,/en/squads/2a8183b3/2021-2022/Villarreal-Stats,2022
ESP-La Liga,2022,Almería,29,38.0,15855,13865,1907,552,49,132,605,750,147,58,59,1,12151,83,308,/en/squads/78ecf4bb/Almeria-Stats,2023
ESP-La Liga,2022,Athletic Club,26,38.0,18630,16594,1940,502,44,191,918,835,257,66,123,1,14440,96,386,/en/squads/2b390eca/Athletic-Club-Stats,2023
ESP-La Liga,2022,Atlético Madrid,27,38.0,20488,18630,1779,490,83,193,625,702,183,97,46,0,16814,79,345,/en/squads/db3b9613/Atletico-Madrid-Stats,2023
ESP-La Liga,2022,Barcelona,29,38.0,24725,22828,1799,565,133,205,744,710,244,82,83,2,21293,98,340,/en/squads/206d90db/Barcelona-Stats,2023
ESP-La Liga,2022,Betis,30,38.0,18249,16255,1920,634,62,137,514,740,152,46,76,1,14678,74,376,/en/squads/fc536746/Real-Betis-Stats,2023
ESP-La Liga,2022,Celta Vigo,26,38.0,18499,16495,1923,557,44,161,705,802,184,65,88,1,14700,81,300,/en/squads/f25da7fb/Celta-Vigo-Stats,2023
ESP-La Liga,2022,Cádiz,38,38.0,13952,12025,1852,548,29,150,633,748,145,65,47,3,9940,75,297,/en/squads/ee7c297c/Cadiz-Stats,2023
ESP-La Liga,2022,Elche,32,38.0,15758,13769,1908,494,24,164,750,789,204,72,83,8,12051,81,390,/en/squads/6c8b07df/Elche-Stats,2023
ESP-La Liga,2022,Espanyol,33,38.0,14698,12685,1951,574,34,115,713,744,179,75,60,3,10827,62,298,/en/squads/a8661628/Espanyol-Stats,2023
ESP-La Liga,2022,Getafe,25,38.0,14126,12118,1929,524,18,162,649,857,119,58,54,1,9690,79,333,/en/squads/7848bd64/Getafe-Stats,2023
ESP-La Liga,2022,Girona,29,38.0,18604,16633,1884,576,32,135,713,742,145,66,53,1,15146,87,319,/en/squads/9024a00a/Girona-Stats,2023
ESP-La Liga,2022,Mallorca,31,38.0,14261,12483,1701,497,29,150,635,649,139,49,68,0,10451,77,306,/en/squads/2aa12281/Mallorca-Stats,2023
ESP-La Liga,2022,Osasuna,26,38.0,16835,14900,1875,523,26,197,794,799,159,64,65,3,12725,60,345,/en/squads/03c57e2b/Osasuna-Stats,2023
ESP-La Liga,2022,Rayo Vallecano,28,38.0,17666,15514,2054,564,29,194,832,901,189,78,69,1,13497,98,365,/en/squads/98e8af82/Rayo-Vallecano-Stats,2023
ESP-La Liga,2022,Real Madrid,26,38.0,25012,23163,1760,555,65,242,574,653,226,83,53,1,22082,89,353,/en/squads/53a2f082/Real-Madrid-Stats,2023
ESP-La Liga,2022,Real Sociedad,30,38.0,19134,17244,1799,537,47,107,538,782,165,57,71,1,15324,91,324,/en/squads/e31d1cd9/Real-Sociedad-Stats,2023
ESP-La Liga,2022,Sevilla,35,38.0,19193,17244,1843,526,36,209,827,746,174,42,81,1,15379,106,307,/en/squads/ad2be733/Sevilla-Stats,2023
ESP-La Liga,2022,Valencia,28,38.0,17492,15405,2007,570,39,164,924,852,226,67,88,0,13592,80,345,/en/squads/dcc91a7b/Valencia-Stats,2023
ESP-La Liga,2022,Valladolid,36,38.0,16425,14336,1991,576,33,225,683,786,170,49,91,3,12627,98,365,/en/squads/17859612/Valladolid-Stats,2023
ESP-La Liga,2022,Villarreal,32,38.0,19862,17980,1795,574,86,186,520,642,210,96,39,4,16634,87,347,/en/squads/2a8183b3/Villarreal-Stats,2023
FRA-Ligue 1,2017,Amiens,30,38.0,15624,13590,1965,535,40,110,590,837,140,50,67,0,11213,69,346,/en/squads/25622401/2017-2018/Amiens-Stats,2018
FRA-Ligue 1,2017,Angers,27,38.0,17004,14902,2043,502,57,106,653,976,169,97,50,0,12795,59,381,/en/squads/69236f98/2017-2018/Angers-Stats,2018
FRA-Ligue 1,2017,Bordeaux,31,38.0,18593,16547,1970,518,61,186,736,882,179,94,54,0,14603,76,392,/en/squads/123f3efe/2017-2018/Bordeaux-Stats,2018
FRA-Ligue 1,2017,Caen,26,38.0,16218,14169,1973,483,22,213,971,908,202,78,106,6,11621,76,381,/en/squads/74229020/2017-2018/Caen-Stats,2018
FRA-Ligue 1,2017,Dijon,26,38.0,17343,15289,1981,540,59,190,567,857,153,61,47,3,13255,73,326,/en/squads/8dfb7350/2017-2018/Dijon-Stats,2018
FRA-Ligue 1,2017,Guingamp,23,38.0,17950,15798,2052,592,25,174,727,867,190,85,76,6,13835,100,355,/en/squads/d41b5f53/2017-2018/Guingamp-Stats,2018
FRA-Ligue 1,2017,Lille,25,38.0,20060,18073,1900,496,61,137,614,805,171,69,74,1,16258,87,377,/en/squads/cb188c0c/2017-2018/Lille-Stats,2018
FRA-Ligue 1,2017,Lyon,26,38.0,20965,19005,1880,540,74,119,572,816,182,102,60,0,17480,80,357,/en/squads/d53c0b06/2017-2018/Lyon-Stats,2018
FRA-Ligue 1,2017,Marseille,26,38.0,21066,19057,1931,521,116,159,864,834,243,109,83,4,17221,78,337,/en/squads/5725cc7b/2017-2018/Marseille-Stats,2018
FRA-Ligue 1,2017,Metz,36,38.0,16957,14872,2029,540,18,258,701,884,173,68,86,1,12673,56,385,/en/squads/f83960ae/2017-2018/Metz-Stats,2018
FRA-Ligue 1,2017,Monaco,32,38.0,18393,16296,2024,584,68,151,764,839,195,82,67,2,14444,73,337,/en/squads/fd6114db/2017-2018/Monaco-Stats,2018
FRA-Ligue 1,2017,Montpellier,23,38.0,17725,15597,2045,578,47,228,849,943,185,42,122,0,13612,83,394,/en/squads/281b0e73/2017-2018/Montpellier-Stats,2018
FRA-Ligue 1,2017,Nantes,30,38.0,16263,14232,1946,425,24,143,789,926,175,49,111,1,11823,85,365,/en/squads/d7a486cd/2017-2018/Nantes-Stats,2018
FRA-Ligue 1,2017,Nice,31,38.0,23523,21602,1858,570,40,278,572,672,203,71,115,1,20210,63,348,/en/squads/132ebc33/2017-2018/Nice-Stats,2018
FRA-Ligue 1,2017,Paris S-G,28,38.0,26436,24471,1872,553,216,228,682,736,254,80,55,6,23215,93,380,/en/squads/e2d8892c/2017-2018/Paris-Saint-Germain-Stats,2018
FRA-Ligue 1,2017,Rennes,28,38.0,17996,15811,2096,588,52,215,766,916,217,95,86,2,13834,89,345,/en/squads/b3072e00/2017-2018/Rennes-Stats,2018
FRA-Ligue 1,2017,Saint-Étienne,30,38.0,19124,16922,2112,532,37,145,657,990,182,69,70,4,15064,90,412,/en/squads/d298ef2c/2017-2018/Saint-Etienne-Stats,2018
FRA-Ligue 1,2017,Strasbourg,25,38.0,16942,14846,2020,498,63,207,776,909,183,78,94,1,12776,76,353,/en/squads/c0d3eab4/2017-2018/Strasbourg-Stats,2018
FRA-Ligue 1,2017,Toulouse,25,38.0,15755,13527,2153,622,28,126,822,932,177,97,62,4,11368,75,404,/en/squads/3f8c4b5f/2017-2018/Toulouse-Stats,2018
FRA-Ligue 1,2017,Troyes,25,38.0,16326,14215,2048,519,38,139,689,910,165,75,49,2,12006,63,390,/en/squads/54195385/2017-2018/Troyes-Stats,2018
FRA-Ligue 1,2018,Amiens,26,38.0,16189,14079,2045,576,30,88,586,916,137,51,66,1,11932,65,324,/en/squads/25622401/2018-2019/Amiens-Stats,2019
FRA-Ligue 1,2018,Angers,24,38.0,16772,14829,1892,510,37,93,628,823,166,84,72,1,12957,51,325,/en/squads/69236f98/2018-2019/Angers-Stats,2019
FRA-Ligue 1,2018,Bordeaux,33,38.0,18571,16552,1959,539,47,154,658,834,168,99,52,2,14526,60,382,/en/squads/123f3efe/2018-2019/Bordeaux-Stats,2019
FRA-Ligue 1,2018,Caen,26,38.0,15516,13480,1986,555,19,209,647,895,126,47,65,1,11472,50,311,/en/squads/74229020/2018-2019/Caen-Stats,2019
FRA-Ligue 1,2018,Dijon,26,38.0,17019,15043,1917,487,33,171,606,828,167,70,63,2,13027,59,327,/en/squads/8dfb7350/2018-2019/Dijon-Stats,2019
FRA-Ligue 1,2018,Guingamp,30,38.0,15728,13649,2025,505,15,140,809,916,194,111,57,4,11355,54,348,/en/squads/d41b5f53/2018-2019/Guingamp-Stats,2019
FRA-Ligue 1,2018,Lille,25,38.0,18325,16325,1961,579,76,118,575,872,164,57,90,2,14521,39,329,/en/squads/cb188c0c/2018-2019/Lille-Stats,2019
FRA-Ligue 1,2018,Lyon,25,38.0,22585,20651,1840,482,92,136,684,767,227,113,62,4,19007,94,351,/en/squads/d53c0b06/2018-2019/Lyon-Stats,2019
FRA-Ligue 1,2018,Marseille,24,38.0,19944,17923,1975,516,69,127,827,897,225,97,92,3,15952,46,334,/en/squads/5725cc7b/2018-2019/Marseille-Stats,2019
FRA-Ligue 1,2018,Monaco,42,38.0,18035,15923,2057,570,50,153,748,916,195,90,73,1,14098,55,371,/en/squads/fd6114db/2018-2019/Monaco-Stats,2019
FRA-Ligue 1,2018,Montpellier,25,38.0,17733,15701,1974,525,23,208,749,908,171,70,82,1,13573,58,373,/en/squads/281b0e73/2018-2019/Montpellier-Stats,2019
FRA-Ligue 1,2018,Nantes,33,38.0,17765,15636,2052,540,26,151,725,931,182,89,61,1,13321,77,381,/en/squads/d7a486cd/2018-2019/Nantes-Stats,2019
FRA-Ligue 1,2018,Nice,30,38.0,21274,19383,1851,590,30,173,495,692,172,61,83,1,18039,40,312,/en/squads/132ebc33/2018-2019/Nice-Stats,2019
FRA-Ligue 1,2018,Nîmes,23,38.0,15574,13382,2152,555,33,145,736,1009,202,78,105,7,11364,40,343,/en/squads/1cbf5f9e/2018-2019/Nimes-Stats,2019
FRA-Ligue 1,2018,Paris S-G,30,38.0,25100,23350,1658,469,186,151,588,633,237,112,42,11,21887,92,300,/en/squads/e2d8892c/2018-2019/Paris-Saint-Germain-Stats,2019
FRA-Ligue 1,2018,Reims,27,38.0,15680,13708,1893,510,48,178,633,848,164,93,47,6,11567,79,327,/en/squads/7fdd64e0/2018-2019/Reims-Stats,2019
FRA-Ligue 1,2018,Rennes,28,38.0,17863,15889,1913,482,44,179,663,861,191,114,42,2,14148,61,341,/en/squads/b3072e00/2018-2019/Rennes-Stats,2019
FRA-Ligue 1,2018,Saint-Étienne,29,38.0,19106,17039,2007,524,44,178,770,857,224,72,108,4,15061,60,342,/en/squads/d298ef2c/2018-2019/Saint-Etienne-Stats,2019
FRA-Ligue 1,2018,Strasbourg,26,38.0,18749,16765,1941,458,31,332,719,898,157,71,59,2,14722,43,381,/en/squads/c0d3eab4/2018-2019/Strasbourg-Stats,2019
FRA-Ligue 1,2018,Toulouse,29,38.0,16989,14931,1989,531,43,110,629,822,158,61,79,4,12893,69,333,/en/squads/3f8c4b5f/2018-2019/Toulouse-Stats,2019
FRA-Ligue 1,2019,Amiens,27,28.0,12850,11356,1457,350,28,91,463,669,108,53,28,0,9685,37,229,/en/squads/25622401/2019-2020/Amiens-Stats,2020
FRA-Ligue 1,2019,Angers,26,28.0,13458,12001,1429,351,15,97,550,649,146,48,85,2,10518,28,232,/en/squads/69236f98/2019-2020/Angers-Stats,2020
FRA-Ligue 1,2019,Bordeaux,26,28.0,15092,13672,1380,389,35,93,425,546,137,83,42,0,12252,40,204,/en/squads/123f3efe/2019-2020/Bordeaux-Stats,2020
FRA-Ligue 1,2019,Brest,24,28.0,14206,12692,1479,332,32,146,520,722,117,63,28,1,11054,35,245,/en/squads/fb08dbb3/2019-2020/Brest-Stats,2020
FRA-Ligue 1,2019,Dijon,28,28.0,13029,11560,1437,380,30,90,451,622,121,43,57,3,10073,32,213,/en/squads/8dfb7350/2019-2020/Dijon-Stats,2020
FRA-Ligue 1,2019,Lille,25,28.0,14278,12765,1453,387,47,113,528,657,154,61,70,1,11263,60,259,/en/squads/cb188c0c/2019-2020/Lille-Stats,2020
FRA-Ligue 1,2019,Lyon,27,28.0,15983,14622,1335,353,39,114,495,604,129,68,27,1,13273,26,218,/en/squads/d53c0b06/2019-2020/Lyon-Stats,2020
FRA-Ligue 1,2019,Marseille,23,28.0,14767,13347,1397,381,37,132,499,648,151,49,73,1,11918,23,200,/en/squads/5725cc7b/2019-2020/Marseille-Stats,2020
FRA-Ligue 1,2019,Metz,24,28.0,12493,11124,1338,366,15,80,447,572,119,53,46,1,9568,31,203,/en/squads/f83960ae/2019-2020/Metz-Stats,2020
FRA-Ligue 1,2019,Monaco,28,28.0,14506,13101,1361,404,52,104,510,541,132,44,67,1,11667,44,235,/en/squads/fd6114db/2019-2020/Monaco-Stats,2020
FRA-Ligue 1,2019,Montpellier,27,28.0,12825,11351,1432,418,19,147,614,592,130,66,51,4,9713,42,257,/en/squads/281b0e73/2019-2020/Montpellier-Stats,2020
FRA-Ligue 1,2019,Nantes,29,28.0,13673,12190,1439,383,17,102,464,649,150,68,57,3,10578,44,233,/en/squads/d7a486cd/2019-2020/Nantes-Stats,2020
FRA-Ligue 1,2019,Nice,31,28.0,15644,14277,1345,401,24,120,395,519,131,51,51,3,13394,22,192,/en/squads/132ebc33/2019-2020/Nice-Stats,2020
FRA-Ligue 1,2019,Nîmes,28,28.0,11253,9597,1617,455,8,116,544,733,143,54,70,8,8100,39,225,/en/squads/1cbf5f9e/2019-2020/Nimes-Stats,2020
FRA-Ligue 1,2019,Paris S-G,31,27.0,19009,17723,1229,317,89,113,520,514,181,90,39,4,16726,57,185,/en/squads/e2d8892c/2019-2020/Paris-Saint-Germain-Stats,2020
FRA-Ligue 1,2019,Reims,26,28.0,13260,11748,1467,412,30,130,539,653,143,31,86,4,10325,45,220,/en/squads/7fdd64e0/2019-2020/Reims-Stats,2020
FRA-Ligue 1,2019,Rennes,26,28.0,13199,11752,1407,403,24,120,478,629,124,64,47,1,10388,40,208,/en/squads/b3072e00/2019-2020/Rennes-Stats,2020
FRA-Ligue 1,2019,Saint-Étienne,31,28.0,13149,11633,1473,375,24,119,563,678,140,87,36,2,10048,43,227,/en/squads/d298ef2c/2019-2020/Saint-Etienne-Stats,2020
FRA-Ligue 1,2019,Strasbourg,25,27.0,12842,11488,1321,342,23,215,579,592,129,46,60,0,10044,33,205,/en/squads/c0d3eab4/2019-2020/Strasbourg-Stats,2020
FRA-Ligue 1,2019,Toulouse,30,28.0,12290,10842,1418,341,15,60,534,582,123,43,72,0,9333,30,214,/en/squads/3f8c4b5f/2019-2020/Toulouse-Stats,2020
FRA-Ligue 1,2020,Angers,31,38.0,18822,16876,1907,551,30,135,662,824,168,68,78,1,14883,39,355,/en/squads/69236f98/2020-2021/Angers-Stats,2021
FRA-Ligue 1,2020,Bordeaux,28,38.0,19490,17533,1908,534,16,146,609,814,174,81,58,0,15862,49,318,/en/squads/123f3efe/2020-2021/Bordeaux-Stats,2021
FRA-Ligue 1,2020,Brest,26,38.0,19407,17412,1936,489,19,147,720,859,181,98,40,0,15437,59,298,/en/squads/fb08dbb3/2020-2021/Brest-Stats,2021
FRA-Ligue 1,2020,Dijon,33,38.0,17901,15908,1939,502,17,113,569,832,146,68,71,0,13949,54,314,/en/squads/8dfb7350/2020-2021/Dijon-Stats,2021
FRA-Ligue 1,2020,Lens,27,38.0,18957,17084,1824,491,18,200,760,781,194,85,81,0,15078,49,332,/en/squads/fd4e0f7d/2020-2021/Lens-Stats,2021
FRA-Ligue 1,2020,Lille,21,38.0,21892,20037,1791,466,31,173,637,841,184,87,84,5,17886,64,316,/en/squads/cb188c0c/2020-2021/Lille-Stats,2021
FRA-Ligue 1,2020,Lorient,27,38.0,17085,15172,1867,480,21,110,606,800,176,62,89,1,13171,46,287,/en/squads/d2c87802/2020-2021/Lorient-Stats,2021
FRA-Ligue 1,2020,Lyon,29,38.0,21396,19477,1856,479,36,135,710,814,232,54,88,2,17685,63,319,/en/squads/d53c0b06/2020-2021/Lyon-Stats,2021
FRA-Ligue 1,2020,Marseille,31,38.0,20532,18515,1965,572,17,182,647,840,174,95,66,2,16481,52,344,/en/squads/5725cc7b/2020-2021/Marseille-Stats,2021
FRA-Ligue 1,2020,Metz,27,38.0,16956,15135,1771,495,26,163,659,712,161,54,64,4,13167,50,292,/en/squads/f83960ae/2020-2021/Metz-Stats,2021
FRA-Ligue 1,2020,Monaco,30,38.0,21991,20044,1877,513,32,174,746,823,218,96,92,3,17738,70,300,/en/squads/fd6114db/2020-2021/Monaco-Stats,2021
FRA-Ligue 1,2020,Montpellier,25,38.0,16620,14667,1905,477,12,194,807,817,184,68,95,4,12720,48,308,/en/squads/281b0e73/2020-2021/Montpellier-Stats,2021
FRA-Ligue 1,2020,Nantes,25,38.0,16543,14546,1943,569,19,114,678,846,178,106,65,1,12329,54,305,/en/squads/d7a486cd/2020-2021/Nantes-Stats,2021
FRA-Ligue 1,2020,Nice,31,38.0,21589,19731,1818,500,16,169,599,759,168,91,45,0,18110,40,309,/en/squads/132ebc33/2020-2021/Nice-Stats,2021
FRA-Ligue 1,2020,Nîmes,33,38.0,16714,14592,2072,594,13,167,617,902,161,68,68,5,12696,50,291,/en/squads/1cbf5f9e/2020-2021/Nimes-Stats,2021
FRA-Ligue 1,2020,Paris S-G,33,38.0,26137,24439,1633,456,55,106,695,666,218,104,44,3,22941,65,265,/en/squads/e2d8892c/2020-2021/Paris-Saint-Germain-Stats,2021
FRA-Ligue 1,2020,Reims,29,38.0,17170,15309,1800,454,11,155,539,758,145,68,64,0,13535,61,229,/en/squads/7fdd64e0/2020-2021/Reims-Stats,2021
FRA-Ligue 1,2020,Rennes,32,38.0,23914,22015,1865,527,22,186,764,804,198,90,91,0,20011,34,305,/en/squads/b3072e00/2020-2021/Rennes-Stats,2021
FRA-Ligue 1,2020,Saint-Étienne,40,38.0,17667,15587,2031,523,12,174,779,949,191,82,83,3,13610,49,338,/en/squads/d298ef2c/2020-2021/Saint-Etienne-Stats,2021
FRA-Ligue 1,2020,Strasbourg,26,38.0,17175,15254,1882,451,8,265,713,873,165,73,72,0,13120,39,338,/en/squads/c0d3eab4/2020-2021/Strasbourg-Stats,2021
FRA-Ligue 1,2021,Angers,30,38.0,18797,16901,1850,548,30,147,572,717,186,60,81,2,15307,46,292,/en/squads/69236f98/2021-2022/Angers-Stats,2022
FRA-Ligue 1,2021,Bordeaux,39,38.0,17385,15441,1886,464,52,176,611,815,150,80,47,1,13552,58,315,/en/squads/123f3efe/2021-2022/Bordeaux-Stats,2022
FRA-Ligue 1,2021,Brest,25,38.0,16506,14535,1924,484,20,156,710,846,171,95,56,0,12684,47,288,/en/squads/fb08dbb3/2021-2022/Brest-Stats,2022
FRA-Ligue 1,2021,Clermont Foot,28,38.0,19560,17599,1908,526,28,156,713,828,179,76,60,1,15713,53,332,/en/squads/d9676424/2021-2022/Clermont-Foot-Stats,2022
FRA-Ligue 1,2021,Lens,28,38.0,20178,18428,1692,388,51,172,699,718,213,70,106,0,16573,58,295,/en/squads/fd4e0f7d/2021-2022/Lens-Stats,2022
FRA-Ligue 1,2021,Lille,26,38.0,18926,16958,1879,471,47,186,621,828,201,79,90,0,15086,89,354,/en/squads/cb188c0c/2021-2022/Lille-Stats,2022
FRA-Ligue 1,2021,Lorient,29,38.0,16818,14950,1813,441,40,163,588,803,162,63,55,2,13156,55,291,/en/squads/d2c87802/2021-2022/Lorient-Stats,2022
FRA-Ligue 1,2021,Lyon,30,38.0,23388,21522,1804,491,95,139,571,782,188,85,60,2,19787,62,313,/en/squads/d53c0b06/2021-2022/Lyon-Stats,2022
FRA-Ligue 1,2021,Marseille,27,38.0,24524,22709,1755,538,57,176,619,692,217,100,81,0,21253,60,306,/en/squads/5725cc7b/2021-2022/Marseille-Stats,2022
FRA-Ligue 1,2021,Metz,36,38.0,15688,13854,1786,476,34,137,581,729,142,43,76,0,12069,48,299,/en/squads/f83960ae/2021-2022/Metz-Stats,2022
FRA-Ligue 1,2021,Monaco,27,38.0,20559,18632,1833,448,77,150,705,805,220,99,78,0,16300,94,331,/en/squads/fd6114db/2021-2022/Monaco-Stats,2022
FRA-Ligue 1,2021,Montpellier,26,38.0,17804,15757,1994,484,36,155,697,868,178,62,74,2,13951,53,313,/en/squads/281b0e73/2021-2022/Montpellier-Stats,2022
FRA-Ligue 1,2021,Nantes,26,38.0,16481,14568,1858,422,20,140,731,864,198,75,97,1,12580,55,280,/en/squads/d7a486cd/2021-2022/Nantes-Stats,2022
FRA-Ligue 1,2021,Nice,27,38.0,19832,18037,1742,440,37,101,742,766,196,94,75,1,16159,53,305,/en/squads/132ebc33/2021-2022/Nice-Stats,2022
FRA-Ligue 1,2021,Paris S-G,36,38.0,26660,24940,1627,488,94,170,459,623,201,80,34,2,23831,93,278,/en/squads/e2d8892c/2021-2022/Paris-Saint-Germain-Stats,2022
FRA-Ligue 1,2021,Reims,35,38.0,15811,13914,1821,498,14,181,629,780,166,63,77,1,12097,76,315,/en/squads/7fdd64e0/2021-2022/Reims-Stats,2022
FRA-Ligue 1,2021,Rennes,28,38.0,21263,19478,1726,436,41,199,698,766,222,61,132,0,17605,59,308,/en/squads/b3072e00/2021-2022/Rennes-Stats,2022
FRA-Ligue 1,2021,Saint-Étienne,39,38.0,17876,15857,1968,520,39,214,697,868,178,82,65,3,13880,51,329,/en/squads/d298ef2c/2021-2022/Saint-Etienne-Stats,2022
FRA-Ligue 1,2021,Strasbourg,26,38.0,18653,16798,1794,449,47,212,797,807,180,37,121,2,14576,61,296,/en/squads/c0d3eab4/2021-2022/Strasbourg-Stats,2022
FRA-Ligue 1,2021,Troyes,35,38.0,16828,14916,1859,534,26,163,708,750,161,113,35,0,13093,53,313,/en/squads/54195385/2021-2022/Troyes-Stats,2022
FRA-Ligue 1,2022,Ajaccio,36,38.0,15286,13368,1855,562,39,57,631,795,126,42,65,0,11216,63,349,/en/squads/7a54bb4f/Ajaccio-Stats,2023
FRA-Ligue 1,2022,Angers,33,38.0,17463,15689,1727,483,40,92,584,705,164,98,42,0,14103,47,294,/en/squads/69236f98/Angers-Stats,2023
FRA-Ligue 1,2022,Auxerre,33,38.0,15989,14213,1728,491,31,210,617,712,135,56,57,0,12386,48,305,/en/squads/5ae09109/Auxerre-Stats,2023
FRA-Ligue 1,2022,Brest,29,38.0,16452,14545,1848,525,30,162,755,754,178,82,81,2,12486,59,339,/en/squads/fb08dbb3/Brest-Stats,2023
FRA-Ligue 1,2022,Clermont Foot,28,38.0,17961,16060,1849,642,31,105,564,658,155,73,48,4,14212,52,373,/en/squads/d9676424/Clermont-Foot-Stats,2023
FRA-Ligue 1,2022,Lens,29,38.0,21203,19476,1665,556,53,111,791,623,204,80,87,1,17809,62,311,/en/squads/fd4e0f7d/Lens-Stats,2023
FRA-Ligue 1,2022,Lille,26,38.0,22826,20992,1770,555,56,124,624,718,217,81,76,1,19266,64,398,/en/squads/cb188c0c/Lille-Stats,2023
FRA-Ligue 1,2022,Lorient,30,38.0,18087,16255,1783,540,48,55,434,658,145,60,52,2,14837,49,334,/en/squads/d2c87802/Lorient-Stats,2023
FRA-Ligue 1,2022,Lyon,29,38.0,22698,20857,1784,521,65,101,649,758,184,71,68,0,18956,57,395,/en/squads/d53c0b06/Lyon-Stats,2023
FRA-Ligue 1,2022,Marseille,30,38.0,20689,18914,1707,448,72,149,751,723,209,107,50,0,16817,68,359,/en/squads/5725cc7b/Marseille-Stats,2023
FRA-Ligue 1,2022,Monaco,27,38.0,18378,16574,1720,457,46,137,661,730,166,80,72,1,14414,84,356,/en/squads/fd6114db/Monaco-Stats,2023
FRA-Ligue 1,2022,Montpellier,31,38.0,16221,14249,1901,555,38,123,673,749,195,85,87,2,12420,71,319,/en/squads/281b0e73/Montpellier-Stats,2023
FRA-Ligue 1,2022,Nantes,29,38.0,17169,15386,1729,462,17,121,820,725,196,77,89,0,13283,54,313,/en/squads/d7a486cd/Nantes-Stats,2023
FRA-Ligue 1,2022,Nice,34,38.0,20784,19059,1674,442,53,93,690,656,193,88,60,0,17325,51,368,/en/squads/132ebc33/Nice-Stats,2023
FRA-Ligue 1,2022,Paris S-G,26,38.0,26476,24872,1527,458,149,109,399,537,204,74,61,0,23694,77,368,/en/squads/e2d8892c/Paris-Saint-Germain-Stats,2023
FRA-Ligue 1,2022,Reims,34,38.0,17565,15706,1774,475,72,140,707,777,178,56,79,0,13670,85,354,/en/squads/7fdd64e0/Reims-Stats,2023
FRA-Ligue 1,2022,Rennes,32,38.0,21193,19509,1630,464,51,104,564,683,174,63,78,0,17618,54,354,/en/squads/b3072e00/Rennes-Stats,2023
FRA-Ligue 1,2022,Strasbourg,29,38.0,17277,15473,1761,555,49,131,647,740,143,45,75,1,13337,43,324,/en/squads/c0d3eab4/Strasbourg-Stats,2023
FRA-Ligue 1,2022,Toulouse,29,38.0,19236,17352,1810,453,38,201,660,739,201,71,113,0,15392,74,422,/en/squads/3f8c4b5f/Toulouse-Stats,2023
FRA-Ligue 1,2022,Troyes,32,38.0,16193,14416,1720,477,35,128,517,650,148,79,35,0,12751,57,327,/en/squads/54195385/Troyes-Stats,2023
GER-Bundesliga,2017,Augsburg,27,34.0,14448,12602,1776,437,9,101,757,804,174,65,96,0,10252,70,413,/en/squads/0cdc4311/2017-2018/Augsburg-Stats,2018
GER-Bundesliga,2017,Bayern Munich,28,34.0,24122,22484,1571,439,23,272,893,668,223,82,112,3,20569,67,383,/en/squads/054efa67/2017-2018/Bayern-Munich-Stats,2018
GER-Bundesliga,2017,Dortmund,30,34.0,20632,18736,1813,540,23,117,585,786,162,69,60,12,16710,83,369,/en/squads/add600ae/2017-2018/Dortmund-Stats,2018
GER-Bundesliga,2017,Eint Frankfurt,28,34.0,15568,13652,1831,572,19,152,586,783,158,51,92,1,11467,85,440,/en/squads/f0ac8ee6/2017-2018/Eintracht-Frankfurt-Stats,2018
GER-Bundesliga,2017,Freiburg,29,34.0,15106,13296,1770,490,9,132,471,735,127,45,65,4,11137,40,414,/en/squads/a486e511/2017-2018/Freiburg-Stats,2018
GER-Bundesliga,2017,Hamburger SV,29,34.0,15211,13163,1987,524,13,112,668,910,203,73,81,0,10836,61,475,/en/squads/26790c6a/2017-2018/Hamburger-SV-Stats,2018
GER-Bundesliga,2017,Hannover 96,26,34.0,15033,13075,1905,559,9,90,579,825,134,55,69,5,10896,53,442,/en/squads/60b5e41f/2017-2018/Hannover-96-Stats,2018
GER-Bundesliga,2017,Hertha BSC,25,34.0,15682,13938,1697,519,7,129,528,694,127,24,85,4,11790,47,400,/en/squads/2818f8bc/2017-2018/Hertha-BSC-Stats,2018
GER-Bundesliga,2017,Hoffenheim,26,34.0,17437,15696,1663,506,24,111,592,657,158,65,71,0,13876,78,413,/en/squads/033ea6b8/2017-2018/Hoffenheim-Stats,2018
GER-Bundesliga,2017,Köln,31,34.0,15875,14008,1786,532,6,107,663,681,173,74,90,4,11807,81,426,/en/squads/bc357bf7/2017-2018/Koln-Stats,2018
GER-Bundesliga,2017,Leverkusen,24,34.0,18621,16757,1806,522,31,174,658,779,172,112,51,2,14731,58,458,/en/squads/c7a9f859/2017-2018/Bayer-Leverkusen-Stats,2018
GER-Bundesliga,2017,M'Gladbach,27,34.0,18200,16381,1746,469,23,129,490,744,168,27,124,1,14595,73,426,/en/squads/32f3ee20/2017-2018/Monchengladbach-Stats,2018
GER-Bundesliga,2017,Mainz 05,27,34.0,14181,12344,1770,461,7,131,546,791,148,85,51,0,10267,67,372,/en/squads/a224b06a/2017-2018/Mainz-05-Stats,2018
GER-Bundesliga,2017,RB Leipzig,23,34.0,18354,16360,1907,574,53,55,521,865,168,74,67,3,14318,87,443,/en/squads/acbb6a5b/2017-2018/RB-Leipzig-Stats,2018
GER-Bundesliga,2017,Schalke 04,24,34.0,15744,13937,1726,535,18,89,583,735,140,25,106,5,12134,81,362,/en/squads/c539e393/2017-2018/Schalke-04-Stats,2018
GER-Bundesliga,2017,Stuttgart,26,34.0,16172,14329,1771,488,10,76,610,773,142,59,74,2,12150,72,374,/en/squads/598bc722/2017-2018/Stuttgart-Stats,2018
GER-Bundesliga,2017,Werder Bremen,25,34.0,16175,14285,1821,507,9,181,655,803,181,71,86,4,12065,69,485,/en/squads/62add3bf/2017-2018/Werder-Bremen-Stats,2018
GER-Bundesliga,2017,Wolfsburg,29,34.0,16577,14824,1696,542,9,184,556,654,131,56,61,4,12870,57,364,/en/squads/4eaa11d7/2017-2018/Wolfsburg-Stats,2018
GER-Bundesliga,2018,Augsburg,30,34.0,15066,13300,1681,411,22,146,603,750,142,37,79,10,10999,85,380,/en/squads/0cdc4311/2018-2019/Augsburg-Stats,2019
GER-Bundesliga,2018,Bayern Munich,24,34.0,23944,22241,1615,385,47,209,777,712,287,112,125,2,20441,88,396,/en/squads/054efa67/2018-2019/Bayern-Munich-Stats,2019
GER-Bundesliga,2018,Dortmund,23,34.0,22172,20416,1690,457,63,139,458,752,168,54,77,1,18779,66,390,/en/squads/add600ae/2018-2019/Dortmund-Stats,2019
GER-Bundesliga,2018,Düsseldorf,24,34.0,14623,12897,1677,457,26,218,544,649,144,34,91,3,11056,49,301,/en/squads/b1278397/2018-2019/Dusseldorf-Stats,2019
GER-Bundesliga,2018,Eint Frankfurt,30,34.0,14928,13127,1720,454,52,109,678,769,179,65,64,0,10568,81,379,/en/squads/f0ac8ee6/2018-2019/Eintracht-Frankfurt-Stats,2019
GER-Bundesliga,2018,Freiburg,28,34.0,14903,13145,1707,449,19,175,528,679,150,90,38,1,11389,51,322,/en/squads/a486e511/2018-2019/Freiburg-Stats,2019
GER-Bundesliga,2018,Hannover 96,32,34.0,15117,13278,1781,481,12,93,522,743,143,57,81,2,11348,58,357,/en/squads/60b5e41f/2018-2019/Hannover-96-Stats,2019
GER-Bundesliga,2018,Hertha BSC,26,34.0,16140,14358,1707,447,25,131,554,714,146,34,98,1,12348,75,325,/en/squads/2818f8bc/2018-2019/Hertha-BSC-Stats,2019
GER-Bundesliga,2018,Hoffenheim,29,34.0,18031,16338,1627,413,32,113,667,695,182,76,84,0,14436,66,378,/en/squads/033ea6b8/2018-2019/Hoffenheim-Stats,2019
GER-Bundesliga,2018,Leverkusen,21,34.0,22081,20354,1662,453,30,169,633,728,189,94,78,1,18245,65,429,/en/squads/c7a9f859/2018-2019/Bayer-Leverkusen-Stats,2019
GER-Bundesliga,2018,M'Gladbach,22,34.0,19093,17411,1612,421,27,174,565,666,189,67,91,2,15736,70,329,/en/squads/32f3ee20/2018-2019/Monchengladbach-Stats,2019
GER-Bundesliga,2018,Mainz 05,28,34.0,15327,13529,1715,412,42,164,646,770,150,45,92,5,11451,83,341,/en/squads/a224b06a/2018-2019/Mainz-05-Stats,2019
GER-Bundesliga,2018,Nürnberg,27,34.0,14199,12455,1691,418,20,130,495,686,151,50,84,5,10558,53,303,/en/squads/6f2c108c/2018-2019/Nurnberg-Stats,2019
GER-Bundesliga,2018,RB Leipzig,23,34.0,16841,14905,1849,515,54,78,616,852,190,59,101,0,12448,87,409,/en/squads/acbb6a5b/2018-2019/RB-Leipzig-Stats,2019
GER-Bundesliga,2018,Schalke 04,32,34.0,14474,12723,1672,442,24,101,521,734,155,24,128,1,10812,79,315,/en/squads/c539e393/2018-2019/Schalke-04-Stats,2019
GER-Bundesliga,2018,Stuttgart,26,34.0,15209,13362,1780,475,18,117,727,727,169,64,91,0,11198,67,346,/en/squads/598bc722/2018-2019/Stuttgart-Stats,2019
GER-Bundesliga,2018,Werder Bremen,24,34.0,18331,16553,1738,449,31,129,676,729,168,91,66,0,14383,40,410,/en/squads/62add3bf/2018-2019/Werder-Bremen-Stats,2019
GER-Bundesliga,2018,Wolfsburg,25,34.0,17159,15333,1759,482,30,250,682,744,175,65,64,5,13184,67,382,/en/squads/4eaa11d7/2018-2019/Wolfsburg-Stats,2019
GER-Bundesliga,2019,Augsburg,28,34.0,12287,10461,1745,441,18,118,479,772,133,59,60,0,8439,81,339,/en/squads/0cdc4311/2019-2020/Augsburg-Stats,2020
GER-Bundesliga,2019,Bayern Munich,29,34.0,24273,22488,1707,444,69,180,850,767,240,91,100,0,20587,78,347,/en/squads/054efa67/2019-2020/Bayern-Munich-Stats,2020
GER-Bundesliga,2019,Dortmund,27,34.0,24071,22420,1595,410,63,188,510,694,190,64,77,2,20601,56,353,/en/squads/add600ae/2019-2020/Dortmund-Stats,2020
GER-Bundesliga,2019,Düsseldorf,28,34.0,15164,13381,1727,493,19,225,705,730,148,27,98,0,11367,56,296,/en/squads/b1278397/2019-2020/Dusseldorf-Stats,2020
GER-Bundesliga,2019,Eint Frankfurt,27,34.0,16602,14737,1808,457,16,126,892,813,213,64,120,1,12302,57,375,/en/squads/f0ac8ee6/2019-2020/Eintracht-Frankfurt-Stats,2020
GER-Bundesliga,2019,Freiburg,26,34.0,15762,13890,1816,454,31,152,649,766,151,96,35,1,12085,56,349,/en/squads/a486e511/2019-2020/Freiburg-Stats,2020
GER-Bundesliga,2019,Hertha BSC,32,34.0,14961,13249,1655,423,13,184,527,742,125,37,72,2,11361,57,302,/en/squads/2818f8bc/2019-2020/Hertha-BSC-Stats,2020
GER-Bundesliga,2019,Hoffenheim,31,34.0,17932,16146,1725,472,40,89,579,700,174,58,98,3,14392,61,339,/en/squads/033ea6b8/2019-2020/Hoffenheim-Stats,2020
GER-Bundesliga,2019,Köln,29,34.0,15108,13248,1785,475,33,106,708,735,175,77,79,2,11195,75,314,/en/squads/bc357bf7/2019-2020/Koln-Stats,2020
GER-Bundesliga,2019,Leverkusen,24,34.0,22954,21080,1782,475,40,124,713,782,215,127,68,2,19042,92,368,/en/squads/c7a9f859/2019-2020/Bayer-Leverkusen-Stats,2020
GER-Bundesliga,2019,M'Gladbach,25,34.0,17974,16127,1756,488,52,107,570,742,172,90,48,2,14321,91,305,/en/squads/32f3ee20/2019-2020/Monchengladbach-Stats,2020
GER-Bundesliga,2019,Mainz 05,25,34.0,13997,12153,1774,435,38,108,615,751,174,74,89,1,10245,70,249,/en/squads/a224b06a/2019-2020/Mainz-05-Stats,2020
GER-Bundesliga,2019,Paderborn 07,27,34.0,15172,13237,1873,422,21,172,572,885,176,80,69,2,11502,62,415,/en/squads/d9f93f02/2019-2020/Paderborn-07-Stats,2020
GER-Bundesliga,2019,RB Leipzig,29,34.0,20063,18285,1700,466,48,117,628,738,188,92,67,1,16241,78,363,/en/squads/acbb6a5b/2019-2020/RB-Leipzig-Stats,2020
GER-Bundesliga,2019,Schalke 04,29,34.0,15752,13909,1762,445,33,105,472,807,152,17,110,2,12014,81,332,/en/squads/c539e393/2019-2020/Schalke-04-Stats,2020
GER-Bundesliga,2019,Union Berlin,26,34.0,13664,11861,1739,439,13,47,628,796,137,65,61,2,9451,64,317,/en/squads/7a41008f/2019-2020/Union-Berlin-Stats,2020
GER-Bundesliga,2019,Werder Bremen,30,34.0,16729,14830,1846,528,17,101,601,745,160,68,78,2,12893,53,350,/en/squads/62add3bf/2019-2020/Werder-Bremen-Stats,2020
GER-Bundesliga,2019,Wolfsburg,26,34.0,15677,13799,1806,444,37,138,651,876,167,51,73,6,11610,72,344,/en/squads/4eaa11d7/2019-2020/Wolfsburg-Stats,2020
GER-Bundesliga,2020,Arminia,26,34.0,14604,12895,1660,493,13,114,471,714,118,54,43,1,10582,49,274,/en/squads/247c4b67/2020-2021/Arminia-Stats,2021
GER-Bundesliga,2020,Augsburg,25,34.0,14168,12411,1690,497,17,114,500,690,121,69,38,0,10257,67,337,/en/squads/0cdc4311/2020-2021/Augsburg-Stats,2021
GER-Bundesliga,2020,Bayern Munich,29,34.0,22039,20252,1713,477,23,160,828,727,237,108,86,0,18358,74,370,/en/squads/054efa67/2020-2021/Bayern-Munich-Stats,2021
GER-Bundesliga,2020,Dortmund,26,34.0,22396,20771,1556,396,41,150,532,674,173,65,73,0,18812,69,316,/en/squads/add600ae/2020-2021/Dortmund-Stats,2021
GER-Bundesliga,2020,Eint Frankfurt,25,34.0,18424,16631,1724,440,20,86,776,714,206,79,78,0,14241,69,321,/en/squads/f0ac8ee6/2020-2021/Eintracht-Frankfurt-Stats,2021
GER-Bundesliga,2020,Freiburg,24,34.0,15960,14251,1653,426,15,155,636,721,123,54,50,0,12177,56,338,/en/squads/a486e511/2020-2021/Freiburg-Stats,2021
GER-Bundesliga,2020,Hertha BSC,32,34.0,16169,14352,1740,460,16,155,585,751,152,59,61,1,12566,77,312,/en/squads/2818f8bc/2020-2021/Hertha-BSC-Stats,2021
GER-Bundesliga,2020,Hoffenheim,30,34.0,18046,16275,1722,509,15,151,658,745,156,52,60,1,14269,49,374,/en/squads/033ea6b8/2020-2021/Hoffenheim-Stats,2021
GER-Bundesliga,2020,Köln,28,34.0,15870,14088,1725,490,10,105,655,756,135,60,53,1,11954,57,331,/en/squads/bc357bf7/2020-2021/Koln-Stats,2021
GER-Bundesliga,2020,Leverkusen,30,34.0,21683,19980,1631,409,17,152,674,733,184,65,75,0,17887,72,361,/en/squads/c7a9f859/2020-2021/Bayer-Leverkusen-Stats,2021
GER-Bundesliga,2020,M'Gladbach,23,34.0,18955,17199,1674,473,29,107,561,676,177,66,94,0,15207,82,342,/en/squads/32f3ee20/2020-2021/Monchengladbach-Stats,2021
GER-Bundesliga,2020,Mainz 05,31,34.0,13776,11989,1730,425,22,80,605,808,130,58,59,0,9531,57,339,/en/squads/a224b06a/2020-2021/Mainz-05-Stats,2021
GER-Bundesliga,2020,RB Leipzig,25,34.0,21450,19713,1656,472,19,99,649,761,185,90,68,0,17500,81,338,/en/squads/acbb6a5b/2020-2021/RB-Leipzig-Stats,2021
GER-Bundesliga,2020,Schalke 04,42,34.0,14706,12891,1747,486,19,123,425,715,124,46,71,0,11084,68,321,/en/squads/c539e393/2020-2021/Schalke-04-Stats,2021
GER-Bundesliga,2020,Stuttgart,29,34.0,17768,15983,1730,474,23,113,539,723,155,59,77,2,14115,55,356,/en/squads/598bc722/2020-2021/Stuttgart-Stats,2021
GER-Bundesliga,2020,Union Berlin,27,34.0,15951,14267,1600,420,15,97,640,728,140,63,70,2,11859,84,321,/en/squads/7a41008f/2020-2021/Union-Berlin-Stats,2021
GER-Bundesliga,2020,Werder Bremen,27,34.0,15559,13764,1727,536,11,142,548,706,116,40,61,0,11648,68,298,/en/squads/62add3bf/2020-2021/Werder-Bremen-Stats,2021
GER-Bundesliga,2020,Wolfsburg,26,34.0,17236,15503,1656,431,20,118,643,759,176,92,48,0,13133,77,348,/en/squads/4eaa11d7/2020-2021/Wolfsburg-Stats,2021
GER-Bundesliga,2021,Arminia,26,34.0,13511,11765,1692,385,25,69,487,743,147,67,48,1,9382,54,325,/en/squads/247c4b67/2021-2022/Arminia-Stats,2022
GER-Bundesliga,2021,Augsburg,26,34.0,13035,11240,1722,415,28,159,592,784,145,56,82,1,9181,73,293,/en/squads/0cdc4311/2021-2022/Augsburg-Stats,2022
GER-Bundesliga,2021,Bayern Munich,30,34.0,23780,22043,1661,434,108,149,656,736,215,102,78,5,20087,76,316,/en/squads/054efa67/2021-2022/Bayern-Munich-Stats,2022
GER-Bundesliga,2021,Bochum,28,34.0,13679,11928,1678,421,26,124,600,779,122,53,48,0,9624,73,261,/en/squads/b42c6323/2021-2022/Bochum-Stats,2022
GER-Bundesliga,2021,Dortmund,33,34.0,21052,19358,1621,447,67,121,491,681,182,74,76,1,17410,73,314,/en/squads/add600ae/2021-2022/Dortmund-Stats,2022
GER-Bundesliga,2021,Eint Frankfurt,27,34.0,17023,15216,1754,387,44,106,697,825,193,78,91,2,12628,53,357,/en/squads/f0ac8ee6/2021-2022/Eintracht-Frankfurt-Stats,2022
GER-Bundesliga,2021,Freiburg,26,34.0,15652,13970,1624,421,33,120,633,672,181,116,44,1,11641,58,328,/en/squads/a486e511/2021-2022/Freiburg-Stats,2022
GER-Bundesliga,2021,Greuther Fürth,29,34.0,13971,12140,1762,482,24,54,478,738,138,92,37,4,10180,69,325,/en/squads/12192a4c/2021-2022/Greuther-Furth-Stats,2022
GER-Bundesliga,2021,Hertha BSC,36,34.0,14077,12218,1786,516,30,94,505,746,141,64,66,0,10314,73,321,/en/squads/2818f8bc/2021-2022/Hertha-BSC-Stats,2022
GER-Bundesliga,2021,Hoffenheim,32,34.0,18141,16308,1763,445,36,91,703,798,190,90,52,0,14323,70,350,/en/squads/033ea6b8/2021-2022/Hoffenheim-Stats,2022
GER-Bundesliga,2021,Köln,26,34.0,16910,14957,1886,536,26,124,829,833,181,99,57,0,12636,67,374,/en/squads/bc357bf7/2021-2022/Koln-Stats,2022
GER-Bundesliga,2021,Leverkusen,29,34.0,18338,16593,1681,380,80,89,537,726,194,96,71,1,14735,64,328,/en/squads/c7a9f859/2021-2022/Bayer-Leverkusen-Stats,2022
GER-Bundesliga,2021,M'Gladbach,26,34.0,17978,16210,1697,535,74,89,440,681,152,60,66,3,14537,71,315,/en/squads/32f3ee20/2021-2022/Monchengladbach-Stats,2022
GER-Bundesliga,2021,Mainz 05,28,34.0,15000,13190,1747,415,23,60,598,818,178,101,64,0,10773,63,306,/en/squads/a224b06a/2021-2022/Mainz-05-Stats,2022
GER-Bundesliga,2021,RB Leipzig,29,34.0,19771,18099,1606,504,70,63,523,644,162,72,54,0,16163,66,315,/en/squads/acbb6a5b/2021-2022/RB-Leipzig-Stats,2022
GER-Bundesliga,2021,Stuttgart,34,34.0,17353,15564,1736,452,42,192,550,762,148,29,98,1,13753,53,305,/en/squads/598bc722/2021-2022/Stuttgart-Stats,2022
GER-Bundesliga,2021,Union Berlin,28,34.0,14818,13166,1588,366,31,59,663,742,138,49,71,2,10673,64,325,/en/squads/7a41008f/2021-2022/Union-Berlin-Stats,2022
GER-Bundesliga,2021,Wolfsburg,30,34.0,16439,14701,1664,455,44,153,619,721,147,100,34,1,12596,74,289,/en/squads/4eaa11d7/2021-2022/Wolfsburg-Stats,2022
GER-Bundesliga,2022,Augsburg,34,34.0,12742,10915,1769,428,30,73,548,745,166,78,81,1,8422,58,332,/en/squads/0cdc4311/Augsburg-Stats,2023
GER-Bundesliga,2022,Bayern Munich,28,34.0,22716,21104,1528,378,78,115,603,657,229,92,106,4,19404,84,312,/en/squads/054efa67/Bayern-Munich-Stats,2023
GER-Bundesliga,2022,Bochum,26,34.0,13549,11775,1708,412,31,72,568,768,141,65,53,1,9209,66,278,/en/squads/b42c6323/Bochum-Stats,2023
GER-Bundesliga,2022,Dortmund,30,34.0,19889,18132,1716,475,44,213,677,699,227,73,112,4,16445,41,376,/en/squads/add600ae/Dortmund-Stats,2023
GER-Bundesliga,2022,Eint Frankfurt,28,34.0,17975,16179,1726,437,46,70,616,786,189,99,50,1,13930,70,383,/en/squads/f0ac8ee6/Eintracht-Frankfurt-Stats,2023
GER-Bundesliga,2022,Freiburg,27,34.0,15533,13934,1542,454,24,116,547,603,141,82,44,0,11653,57,307,/en/squads/a486e511/Freiburg-Stats,2023
GER-Bundesliga,2022,Hertha BSC,32,34.0,12800,11022,1720,468,28,100,516,756,147,45,79,0,8876,58,292,/en/squads/2818f8bc/Hertha-BSC-Stats,2023
GER-Bundesliga,2022,Hoffenheim,31,34.0,15564,13750,1736,418,17,119,577,784,161,45,74,4,11754,78,323,/en/squads/033ea6b8/Hoffenheim-Stats,2023
GER-Bundesliga,2022,Köln,27,34.0,16367,14542,1757,409,20,62,790,811,205,87,81,0,12242,68,409,/en/squads/bc357bf7/Koln-Stats,2023
GER-Bundesliga,2022,Leverkusen,27,34.0,18206,16529,1626,468,59,72,461,678,139,66,49,0,14683,51,298,/en/squads/c7a9f859/Bayer-Leverkusen-Stats,2023
GER-Bundesliga,2022,M'Gladbach,27,34.0,18854,17035,1747,532,64,60,441,684,151,60,73,1,15516,72,384,/en/squads/32f3ee20/Monchengladbach-Stats,2023
GER-Bundesliga,2022,Mainz 05,27,34.0,14492,12764,1654,365,25,97,610,795,155,96,49,0,10075,74,356,/en/squads/a224b06a/Mainz-05-Stats,2023
GER-Bundesliga,2022,RB Leipzig,25,34.0,20529,18813,1636,437,99,120,489,748,167,50,74,2,16911,80,400,/en/squads/acbb6a5b/RB-Leipzig-Stats,2023
GER-Bundesliga,2022,Schalke 04,35,34.0,13360,11517,1773,445,29,62,764,786,169,79,77,4,9234,70,351,/en/squads/c539e393/Schalke-04-Stats,2023
GER-Bundesliga,2022,Stuttgart,30,34.0,16987,15298,1633,450,37,188,597,711,156,57,83,0,13460,56,310,/en/squads/598bc722/Stuttgart-Stats,2023
GER-Bundesliga,2022,Union Berlin,28,34.0,14418,12762,1594,378,26,46,708,763,165,78,60,0,10312,62,329,/en/squads/7a41008f/Union-Berlin-Stats,2023
GER-Bundesliga,2022,Werder Bremen,25,34.0,16554,14903,1586,449,39,164,514,639,109,27,53,1,12443,65,324,/en/squads/62add3bf/Werder-Bremen-Stats,2023
GER-Bundesliga,2022,Wolfsburg,28,34.0,16129,14311,1768,544,38,133,568,696,153,107,38,0,12571,50,315,/en/squads/4eaa11d7/Wolfsburg-Stats,2023
ITA-Serie A,2017,Atalanta,25,38.0,21308,19223,2006,530,30,288,751,887,230,90,114,6,16953,79,422,/en/squads/922493f3/2017-2018/Atalanta-Stats,2018
ITA-Serie A,2017,Benevento,41,38.0,17943,15966,1894,562,38,169,661,700,166,71,66,3,14277,83,352,/en/squads/4fcb34fd/2017-2018/Benevento-Stats,2018
ITA-Serie A,2017,Bologna,30,38.0,17588,15529,1993,538,28,179,553,840,150,123,15,0,13650,66,405,/en/squads/1d8099f8/2017-2018/Bologna-Stats,2018
ITA-Serie A,2017,Cagliari,29,38.0,16722,14566,2072,552,21,145,732,867,179,77,77,1,12229,84,369,/en/squads/c4260e09/2017-2018/Cagliari-Stats,2018
ITA-Serie A,2017,Chievo,25,38.0,16994,14945,1947,531,20,176,801,779,147,87,51,1,12721,102,340,/en/squads/cc919b35/2017-2018/Chievo-Stats,2018
ITA-Serie A,2017,Crotone,29,38.0,14929,12922,1919,520,17,98,635,806,134,77,38,1,10315,88,398,/en/squads/3074d7b1/2017-2018/Crotone-Stats,2018
ITA-Serie A,2017,Fiorentina,27,38.0,19625,17631,1912,492,62,113,823,846,210,56,135,3,15445,82,367,/en/squads/421387cf/2017-2018/Fiorentina-Stats,2018
ITA-Serie A,2017,Genoa,33,38.0,17652,15620,1946,510,32,131,769,818,183,95,63,2,13335,86,405,/en/squads/658bf2de/2017-2018/Genoa-Stats,2018
ITA-Serie A,2017,Hellas Verona,32,38.0,15669,13636,1954,482,19,187,665,791,143,41,68,3,11540,79,369,/en/squads/0e72edf2/2017-2018/Hellas-Verona-Stats,2018
ITA-Serie A,2017,Inter,22,38.0,22926,20927,1905,470,57,169,1042,766,289,93,109,7,18939,94,427,/en/squads/d609edc0/2017-2018/Internazionale-Stats,2018
ITA-Serie A,2017,Juventus,24,38.0,23688,21897,1712,507,55,330,672,711,186,54,65,7,20215,79,386,/en/squads/e0652b02/2017-2018/Juventus-Stats,2018
ITA-Serie A,2017,Lazio,24,38.0,20347,18446,1804,403,87,159,734,789,217,88,89,9,16436,97,442,/en/squads/7213da33/2017-2018/Lazio-Stats,2018
ITA-Serie A,2017,Milan,23,38.0,21918,19865,1965,588,28,255,872,786,244,120,54,2,18086,88,401,/en/squads/dc56fe14/2017-2018/Milan-Stats,2018
ITA-Serie A,2017,Napoli,23,38.0,29387,27433,1874,456,95,180,672,871,240,118,55,16,25306,80,424,/en/squads/d48ad4ff/2017-2018/Napoli-Stats,2018
ITA-Serie A,2017,Roma,27,38.0,21620,19551,1998,558,55,243,962,854,261,119,82,1,17482,71,435,/en/squads/cf74a709/2017-2018/Roma-Stats,2018
ITA-Serie A,2017,SPAL,29,38.0,15961,13830,2040,688,15,152,727,728,175,49,88,3,12213,91,367,/en/squads/1d2fe027/2017-2018/SPAL-Stats,2018
ITA-Serie A,2017,Sampdoria,27,38.0,20378,18291,2033,613,39,105,777,780,223,126,73,2,16259,54,402,/en/squads/8ff9e3b3/2017-2018/Sampdoria-Stats,2018
ITA-Serie A,2017,Sassuolo,28,38.0,15909,13777,2052,624,77,144,793,825,196,99,69,4,11605,80,405,/en/squads/e2befd26/2017-2018/Sassuolo-Stats,2018
ITA-Serie A,2017,Torino,27,38.0,18605,16432,2102,601,30,214,612,917,173,72,52,3,14584,71,431,/en/squads/105360fe/2017-2018/Torino-Stats,2018
ITA-Serie A,2017,Udinese,27,38.0,16838,14802,1976,468,32,129,711,890,175,70,75,2,12720,60,358,/en/squads/04eea015/2017-2018/Udinese-Stats,2018
ITA-Serie A,2018,Atalanta,27,38.0,22141,20066,2004,584,47,212,801,822,242,122,107,2,18142,71,406,/en/squads/922493f3/2018-2019/Atalanta-Stats,2019
ITA-Serie A,2018,Bologna,29,38.0,15954,13825,2046,560,11,110,737,832,207,107,41,3,12019,83,369,/en/squads/1d8099f8/2018-2019/Bologna-Stats,2019
ITA-Serie A,2018,Cagliari,30,38.0,18871,16789,2024,547,31,153,794,826,190,74,96,3,14474,58,369,/en/squads/c4260e09/2018-2019/Cagliari-Stats,2019
ITA-Serie A,2018,Chievo,36,38.0,16525,14562,1885,528,17,169,677,760,131,51,48,3,12531,78,354,/en/squads/cc919b35/2018-2019/Chievo-Stats,2019
ITA-Serie A,2018,Empoli,29,38.0,18410,16384,1949,535,38,175,636,772,187,69,76,4,14608,77,385,/en/squads/a3d88bd8/2018-2019/Empoli-Stats,2019
ITA-Serie A,2018,Fiorentina,27,38.0,17283,15287,1948,564,42,140,780,761,236,53,131,2,13307,48,341,/en/squads/421387cf/2018-2019/Fiorentina-Stats,2019
ITA-Serie A,2018,Frosinone,33,38.0,15608,13580,1955,584,15,167,815,748,160,65,66,3,11532,73,385,/en/squads/6a7ad59d/2018-2019/Frosinone-Stats,2019
ITA-Serie A,2018,Genoa,31,38.0,15427,13430,1932,543,27,100,797,775,186,48,113,0,11171,65,320,/en/squads/658bf2de/2018-2019/Genoa-Stats,2019
ITA-Serie A,2018,Inter,23,38.0,23425,21373,1988,551,50,228,1092,801,301,126,97,2,19523,64,394,/en/squads/d609edc0/2018-2019/Internazionale-Stats,2019
ITA-Serie A,2018,Juventus,31,38.0,21878,20038,1765,494,52,322,867,672,244,88,86,3,18333,75,351,/en/squads/e0652b02/2018-2019/Juventus-Stats,2019
ITA-Serie A,2018,Lazio,30,38.0,19752,17919,1736,429,51,167,738,723,226,76,113,2,15807,97,372,/en/squads/7213da33/2018-2019/Lazio-Stats,2019
ITA-Serie A,2018,Milan,23,38.0,21047,19053,1931,534,32,233,752,769,230,112,46,1,17537,63,345,/en/squads/dc56fe14/2018-2019/Milan-Stats,2019
ITA-Serie A,2018,Napoli,26,38.0,24763,22856,1822,484,59,233,774,733,255,95,91,2,21096,85,383,/en/squads/d48ad4ff/2018-2019/Napoli-Stats,2019
ITA-Serie A,2018,Parma,31,38.0,13707,11696,1920,464,27,122,511,731,144,80,46,1,9920,91,345,/en/squads/eab4234c/2018-2019/Parma-Stats,2019
ITA-Serie A,2018,Roma,26,38.0,19082,17109,1923,521,45,210,855,783,228,74,105,1,15305,50,332,/en/squads/cf74a709/2018-2019/Roma-Stats,2019
ITA-Serie A,2018,SPAL,28,38.0,17829,15788,2004,666,7,122,863,713,196,85,78,1,14255,37,397,/en/squads/1d2fe027/2018-2019/SPAL-Stats,2019
ITA-Serie A,2018,Sampdoria,24,38.0,21032,19073,1889,625,44,123,641,696,168,94,45,0,17067,70,405,/en/squads/8ff9e3b3/2018-2019/Sampdoria-Stats,2019
ITA-Serie A,2018,Sassuolo,29,38.0,20009,17981,1955,621,50,143,660,737,185,62,112,3,16386,73,381,/en/squads/e2befd26/2018-2019/Sassuolo-Stats,2019
ITA-Serie A,2018,Torino,25,38.0,17064,14979,2010,621,25,187,751,803,182,59,37,3,12851,75,385,/en/squads/105360fe/2018-2019/Torino-Stats,2019
ITA-Serie A,2018,Udinese,31,38.0,15218,13255,1897,511,25,153,585,725,164,55,66,1,11520,66,319,/en/squads/04eea015/2018-2019/Udinese-Stats,2019
ITA-Serie A,2019,Atalanta,30,38.0,21860,19949,1861,577,40,163,767,715,248,83,132,0,17945,50,354,/en/squads/922493f3/2019-2020/Atalanta-Stats,2020
ITA-Serie A,2019,Bologna,31,38.0,18465,16401,1979,618,28,134,733,736,228,155,21,2,14608,85,329,/en/squads/1d8099f8/2019-2020/Bologna-Stats,2020
ITA-Serie A,2019,Brescia,32,38.0,14648,12511,2069,644,22,160,641,784,160,44,76,1,10833,68,327,/en/squads/4ef57aeb/2019-2020/Brescia-Stats,2020
ITA-Serie A,2019,Cagliari,33,38.0,16868,14891,1921,562,24,167,762,749,154,63,67,1,13131,56,289,/en/squads/c4260e09/2019-2020/Cagliari-Stats,2020
ITA-Serie A,2019,Fiorentina,33,38.0,17172,15265,1857,576,41,173,726,705,209,70,112,0,13589,50,313,/en/squads/421387cf/2019-2020/Fiorentina-Stats,2020
ITA-Serie A,2019,Genoa,34,38.0,18157,16145,1955,555,13,142,723,782,166,51,71,0,14305,57,329,/en/squads/658bf2de/2019-2020/Genoa-Stats,2020
ITA-Serie A,2019,Hellas Verona,30,38.0,17641,15621,1929,555,29,94,750,734,207,83,112,0,13348,91,310,/en/squads/0e72edf2/2019-2020/Hellas-Verona-Stats,2020
ITA-Serie A,2019,Inter,29,38.0,20842,18974,1772,469,20,243,790,704,235,92,65,1,17232,96,348,/en/squads/d609edc0/2019-2020/Internazionale-Stats,2020
ITA-Serie A,2019,Juventus,30,38.0,23408,21548,1787,509,54,209,698,713,235,74,105,1,20149,73,299,/en/squads/e0652b02/2019-2020/Juventus-Stats,2020
ITA-Serie A,2019,Lazio,27,38.0,19415,17695,1649,449,63,186,741,610,218,72,102,0,15875,71,327,/en/squads/7213da33/2019-2020/Lazio-Stats,2020
ITA-Serie A,2019,Lecce,30,38.0,17104,15195,1842,563,16,208,711,600,182,15,27,1,13640,67,336,/en/squads/ffcbe334/2019-2020/Lecce-Stats,2020
ITA-Serie A,2019,Milan,32,38.0,20701,18774,1864,548,41,178,713,746,208,85,78,0,17070,63,300,/en/squads/dc56fe14/2019-2020/Milan-Stats,2020
ITA-Serie A,2019,Napoli,25,38.0,24596,22677,1865,604,36,187,813,712,222,81,93,2,21173,54,340,/en/squads/d48ad4ff/2019-2020/Napoli-Stats,2020
ITA-Serie A,2019,Parma,25,38.0,15756,13796,1900,524,19,204,597,735,166,79,57,2,12193,60,275,/en/squads/eab4234c/2019-2020/Parma-Stats,2020
ITA-Serie A,2019,Roma,31,38.0,19325,17490,1790,522,57,213,781,664,267,58,162,1,15972,45,289,/en/squads/cf74a709/2019-2020/Roma-Stats,2020
ITA-Serie A,2019,SPAL,34,38.0,16878,14912,1913,596,12,130,693,691,158,63,65,1,13281,53,321,/en/squads/1d2fe027/2019-2020/SPAL-Stats,2020
ITA-Serie A,2019,Sampdoria,31,38.0,15949,13988,1898,556,28,120,814,735,195,96,67,0,11918,63,306,/en/squads/8ff9e3b3/2019-2020/Sampdoria-Stats,2020
ITA-Serie A,2019,Sassuolo,31,38.0,21873,19942,1867,621,46,117,562,677,207,118,68,1,18601,64,296,/en/squads/e2befd26/2019-2020/Sassuolo-Stats,2020
ITA-Serie A,2019,Torino,27,38.0,16330,14310,1957,611,14,182,756,706,180,54,34,1,12572,63,318,/en/squads/105360fe/2019-2020/Torino-Stats,2020
ITA-Serie A,2019,Udinese,25,38.0,16971,15127,1779,470,19,151,730,664,200,73,55,0,13373,65,311,/en/squads/04eea015/2019-2020/Udinese-Stats,2020
ITA-Serie A,2020,Atalanta,30,38.0,22063,20351,1656,508,28,181,657,689,201,104,82,0,18066,56,395,/en/squads/922493f3/2020-2021/Atalanta-Stats,2021
ITA-Serie A,2020,Benevento,29,38.0,15318,13338,1919,685,12,95,645,658,169,52,96,0,11573,61,296,/en/squads/4fcb34fd/2020-2021/Benevento-Stats,2021
ITA-Serie A,2020,Bologna,37,38.0,18539,16629,1837,533,31,105,669,697,201,134,38,0,14683,73,346,/en/squads/1d8099f8/2020-2021/Bologna-Stats,2021
ITA-Serie A,2020,Cagliari,32,38.0,16868,14915,1896,563,8,96,721,755,170,51,92,0,13040,57,345,/en/squads/c4260e09/2020-2021/Cagliari-Stats,2021
ITA-Serie A,2020,Crotone,31,38.0,17229,15358,1814,600,9,99,544,619,138,72,22,0,13532,57,329,/en/squads/3074d7b1/2020-2021/Crotone-Stats,2021
ITA-Serie A,2020,Fiorentina,30,38.0,17136,15159,1916,617,10,203,740,742,168,34,113,1,13430,61,332,/en/squads/421387cf/2020-2021/Fiorentina-Stats,2021
ITA-Serie A,2020,Genoa,34,38.0,17948,16092,1777,519,15,146,579,703,129,43,62,0,13954,79,331,/en/squads/658bf2de/2020-2021/Genoa-Stats,2021
ITA-Serie A,2020,Hellas Verona,32,38.0,17419,15491,1823,551,10,102,732,711,185,64,107,0,12926,105,343,/en/squads/0e72edf2/2020-2021/Hellas-Verona-Stats,2021
ITA-Serie A,2020,Inter,25,38.0,21624,19951,1608,450,29,152,702,651,206,64,85,0,18384,65,355,/en/squads/d609edc0/2020-2021/Internazionale-Stats,2021
ITA-Serie A,2020,Juventus,30,38.0,23031,21302,1636,496,25,158,754,576,221,53,121,0,19839,93,326,/en/squads/e0652b02/2020-2021/Juventus-Stats,2021
ITA-Serie A,2020,Lazio,30,38.0,20795,19069,1639,468,25,151,744,653,189,97,63,1,16972,87,346,/en/squads/7213da33/2020-2021/Lazio-Stats,2021
ITA-Serie A,2020,Milan,29,38.0,19459,17686,1681,491,20,140,688,646,213,98,78,0,15889,92,309,/en/squads/dc56fe14/2020-2021/Milan-Stats,2021
ITA-Serie A,2020,Napoli,25,38.0,22210,20306,1832,611,27,198,665,699,219,85,66,0,18892,72,345,/en/squads/d48ad4ff/2020-2021/Napoli-Stats,2021
ITA-Serie A,2020,Parma,42,38.0,18427,16577,1772,542,15,188,643,654,154,52,68,1,14837,78,327,/en/squads/eab4234c/2020-2021/Parma-Stats,2021
ITA-Serie A,2020,Roma,31,38.0,19977,18303,1615,527,57,133,679,562,213,91,98,1,16561,59,323,/en/squads/cf74a709/2020-2021/Roma-Stats,2021
ITA-Serie A,2020,Sampdoria,27,38.0,17643,15658,1923,609,7,187,787,758,199,65,96,0,13423,62,338,/en/squads/8ff9e3b3/2020-2021/Sampdoria-Stats,2021
ITA-Serie A,2020,Sassuolo,28,38.0,23660,21905,1698,549,22,110,588,574,208,81,82,0,20368,57,320,/en/squads/e2befd26/2020-2021/Sassuolo-Stats,2021
ITA-Serie A,2020,Spezia,35,38.0,19566,17599,1885,677,16,201,602,744,150,9,98,0,15563,82,338,/en/squads/68449f6d/2020-2021/Spezia-Stats,2021
ITA-Serie A,2020,Torino,29,38.0,17163,15195,1909,659,23,210,740,663,171,39,110,0,13369,59,314,/en/squads/105360fe/2020-2021/Torino-Stats,2021
ITA-Serie A,2020,Udinese,33,38.0,17414,15576,1756,574,21,101,703,651,163,50,83,0,13917,82,307,/en/squads/04eea015/2020-2021/Udinese-Stats,2021
ITA-Serie A,2021,Atalanta,32,38.0,21261,19317,1876,539,36,192,661,782,229,114,84,1,17108,68,383,/en/squads/922493f3/2021-2022/Atalanta-Stats,2022
ITA-Serie A,2021,Bologna,36,38.0,18249,16283,1910,590,58,109,601,730,183,103,21,1,14442,56,317,/en/squads/1d8099f8/2021-2022/Bologna-Stats,2022
ITA-Serie A,2021,Cagliari,33,38.0,15761,13729,1962,574,16,119,675,791,143,48,71,2,11503,70,315,/en/squads/c4260e09/2021-2022/Cagliari-Stats,2022
ITA-Serie A,2021,Empoli,28,38.0,16700,14627,1990,528,36,76,704,827,189,63,87,0,12796,83,347,/en/squads/a3d88bd8/2021-2022/Empoli-Stats,2022
ITA-Serie A,2021,Fiorentina,28,38.0,20910,19005,1848,664,37,246,776,693,195,23,129,0,17418,57,331,/en/squads/421387cf/2021-2022/Fiorentina-Stats,2022
ITA-Serie A,2021,Genoa,40,38.0,15587,13605,1910,559,29,74,661,777,155,57,76,1,11185,72,365,/en/squads/658bf2de/2021-2022/Genoa-Stats,2022
ITA-Serie A,2021,Hellas Verona,31,38.0,17398,15513,1788,467,36,101,593,777,166,75,43,0,13047,97,347,/en/squads/0e72edf2/2021-2022/Hellas-Verona-Stats,2022
ITA-Serie A,2021,Inter,27,38.0,21832,20151,1624,448,54,207,809,630,252,73,141,2,18367,57,339,/en/squads/d609edc0/2021-2022/Internazionale-Stats,2022
ITA-Serie A,2021,Juventus,32,38.0,19835,18065,1696,533,41,193,550,662,169,72,66,2,16459,74,297,/en/squads/e0652b02/2021-2022/Juventus-Stats,2022
ITA-Serie A,2021,Lazio,27,38.0,23041,21310,1687,520,54,137,574,663,176,74,71,0,19632,44,296,/en/squads/7213da33/2021-2022/Lazio-Stats,2022
ITA-Serie A,2021,Milan,28,38.0,19320,17512,1728,564,45,122,672,653,195,61,86,0,15719,80,297,/en/squads/dc56fe14/2021-2022/Milan-Stats,2022
ITA-Serie A,2021,Napoli,27,38.0,22921,21114,1740,536,45,199,553,693,197,85,51,0,19572,67,337,/en/squads/d48ad4ff/2021-2022/Napoli-Stats,2022
ITA-Serie A,2021,Roma,29,38.0,18828,16921,1847,548,45,136,735,748,238,130,95,0,15221,60,292,/en/squads/cf74a709/2021-2022/Roma-Stats,2022
ITA-Serie A,2021,Salernitana,42,38.0,14461,12521,1899,576,12,90,698,695,185,56,111,1,10680,41,320,/en/squads/c5577084/2021-2022/Salernitana-Stats,2022
ITA-Serie A,2021,Sampdoria,34,38.0,17022,15064,1876,582,35,151,645,726,143,33,73,0,12901,82,339,/en/squads/8ff9e3b3/2021-2022/Sampdoria-Stats,2022
ITA-Serie A,2021,Sassuolo,29,38.0,20327,18421,1863,629,59,179,541,612,198,96,62,1,17027,43,315,/en/squads/e2befd26/2021-2022/Sassuolo-Stats,2022
ITA-Serie A,2021,Spezia,30,38.0,15503,13609,1817,509,32,92,534,731,152,76,58,2,11650,77,318,/en/squads/68449f6d/2021-2022/Spezia-Stats,2022
ITA-Serie A,2021,Torino,31,38.0,18082,16280,1718,519,28,118,663,699,168,80,55,0,13943,84,331,/en/squads/105360fe/2021-2022/Torino-Stats,2022
ITA-Serie A,2021,Udinese,29,38.0,15251,13384,1789,523,37,80,519,688,187,64,75,1,11650,78,297,/en/squads/04eea015/2021-2022/Udinese-Stats,2022
ITA-Serie A,2021,Venezia,39,38.0,15320,13487,1772,493,27,113,585,714,123,57,54,0,11575,61,335,/en/squads/af5d5982/2021-2022/Venezia-Stats,2022
ITA-Serie A,2022,Atalanta,27,38.0,19507,17537,1912,432,35,154,652,893,194,97,67,0,15462,58,359,/en/squads/922493f3/Atalanta-Stats,2023
ITA-Serie A,2022,Bologna,27,38.0,20552,18623,1852,484,58,179,558,830,145,90,41,0,16763,77,368,/en/squads/1d8099f8/Bologna-Stats,2023
ITA-Serie A,2022,Cremonese,33,38.0,15041,13147,1826,482,26,99,659,768,146,51,76,0,10872,68,300,/en/squads/9aad3a77/Cremonese-Stats,2023
ITA-Serie A,2022,Empoli,32,38.0,16862,14830,1978,538,24,105,611,828,163,70,61,0,13199,54,375,/en/squads/a3d88bd8/Empoli-Stats,2023
ITA-Serie A,2022,Fiorentina,30,38.0,19236,17189,1991,600,30,203,880,831,234,88,99,0,15373,56,336,/en/squads/421387cf/Fiorentina-Stats,2023
ITA-Serie A,2022,Hellas Verona,36,38.0,13807,12006,1727,437,23,81,652,721,170,81,63,1,9481,74,334,/en/squads/0e72edf2/Hellas-Verona-Stats,2023
ITA-Serie A,2022,Inter,25,38.0,21281,19504,1709,443,50,185,885,682,214,66,121,0,17693,68,275,/en/squads/d609edc0/Internazionale-Stats,2023
ITA-Serie A,2022,Juventus,29,38.0,18690,16884,1744,449,38,195,731,706,207,64,125,1,15226,62,318,/en/squads/e0652b02/Juventus-Stats,2023
ITA-Serie A,2022,Lazio,24,38.0,21629,19809,1766,540,55,135,483,680,169,71,76,0,18135,54,330,/en/squads/7213da33/Lazio-Stats,2023
ITA-Serie A,2022,Lecce,29,38.0,14358,12384,1906,504,23,175,709,858,172,56,61,0,10083,68,315,/en/squads/ffcbe334/Lecce-Stats,2023
ITA-Serie A,2022,Milan,30,38.0,19734,17874,1799,472,52,126,671,813,187,51,108,0,15948,61,322,/en/squads/dc56fe14/Milan-Stats,2023
ITA-Serie A,2022,Monza,31,38.0,20724,18818,1837,570,33,168,596,711,154,22,111,0,17198,69,327,/en/squads/21680aa4/Monza-Stats,2023
ITA-Serie A,2022,Napoli,27,38.0,24473,22587,1826,515,36,200,681,785,228,84,74,1,21086,60,337,/en/squads/d48ad4ff/Napoli-Stats,2023
ITA-Serie A,2022,Roma,30,38.0,17814,15874,1884,528,59,176,595,833,188,84,93,0,14171,56,292,/en/squads/cf74a709/Roma-Stats,2023
ITA-Serie A,2022,Salernitana,30,38.0,16508,14589,1852,530,25,140,559,720,143,23,66,0,12667,67,324,/en/squads/c5577084/Salernitana-Stats,2023
ITA-Serie A,2022,Sampdoria,40,38.0,16575,14576,1944,598,34,107,599,760,130,36,77,0,12606,55,380,/en/squads/8ff9e3b3/Sampdoria-Stats,2023
ITA-Serie A,2022,Sassuolo,31,38.0,18306,16248,2015,566,34,195,625,798,177,81,50,0,14805,43,351,/en/squads/e2befd26/Sassuolo-Stats,2023
ITA-Serie A,2022,Spezia,34,38.0,16501,14437,2009,456,26,107,655,922,193,116,53,0,12399,55,381,/en/squads/68449f6d/Spezia-Stats,2023
ITA-Serie A,2022,Torino,28,38.0,19336,17523,1733,445,36,117,610,742,172,99,42,1,15376,80,336,/en/squads/105360fe/Torino-Stats,2023
ITA-Serie A,2022,Udinese,30,38.0,16790,14908,1831,536,37,213,564,707,186,76,52,0,13391,51,329,/en/squads/04eea015/Udinese-Stats,2023
